Sample_name,Bac.richness,Bac.shannon,Bac.PD,Fun.richness,Fun.shannon,Fun.PD,Pro.richness,Pro.shannon,Pro.PD,3HP_CoAs,4hbcd_dic4hb,AACT_DiC4HB,Acc_arch,accD,AceA,AceB,Acetylglucosaminidase,Aclb,AcnA,AdhC,AmyA,Amyx,Apu,Ara,C_CoA_hydratase_DiC4HB,Ccl,CcmL,CcmM,CcmN,Cda,Cdh,Chitinase,Codh,CsoS1_CcmK,CsoS2,CsoSCA,Endoglucanase,FBP_aldolase,FBPase,FmdB_fwdB,FrdA,FrdA_rTCA,Fthfs,Ftr,Fumarase_3HP4HB,Fumarase_DiC4HB,GAPDH_Calvin,Glx,HdrB,Hmd,IcfA,Isopullulanase,Limeh,Lmo,Mannanase,Mch,Mch_methane,Mcl,MCM,Mcr,Mcra,Mct,Mdh,Mdh_DiC4HB,Mer_methane,Mmox,Mnp,MrtH,MT2,MtaB,MtbC_mttC,MtmB,MtxX,NplT,OorA,Pcc,Pcc_3HP,Pectinase (pectate_lyase),PEP_synthase,PEPC,Pgk,Phenol_oxidase,Pme,Pmoa,Por_DiC4HB,PRI,PRK,Pula,RgaE,Rgh,Rgl,Rubisco,Suc_CoA_red_DiC4HB,SucA_DiC4HB,SucD,TIM,TktA,Vana,Vdh,Xylanase,Amoa,Amoa_quasi,CnorB,gdh,Hao,Hzo,Hzsa,Napa,Narb,Narg,Nasa,Nifh,NiR,Nira,Nirb,Nirk,Nirs,Norb,Nosz,Nrfa,Urec,5f1_ppk2,5f1_ppn,5f1_ptxD,Phytase,Ppk,Ppx,5f1_DMSP_lyase,AprA,Aps_apra,APS_AprB,CysI,CysJ,DmdA,Dsra,DsrB,Fccab,Sir,SoxA,SoxB,SoxC,SoxV,SoxY,Sqr,block,plot,year,treatment
X09_11S_N_C_0,7290,7.780063721,641.84361,493,3.651462245,190.85569,577,5.883758359,59.00647834,794.1961083,1493.660889,7276.454979,3453.650453,757.0874522,328582.5988,719495.0744,741458.8821,32885.81899,33904.22396,1370.228337,4241855.468,3318.617087,2087.992806,570027.1926,52313.12945,2093.52897,240213.4426,8424.750409,7751.774318,228419.0985,188599.0652,1295551.153,350219.9599,286955.211,81953.15779,26837.68572,259224.626,105170.7128,411679.7795,73958.14339,2145.422631,29096.47313,412019.5928,43287.61904,8547.971493,12228.69515,318485.7963,67510.98477,95225.11313,740.3557222,4239.148407,3822.904069,92337.59339,10168.08976,205546.1584,1480.297539,34566.47735,2184.452793,2567.853617,6843.913719,63205.27438,25409.66012,80406.28776,6690.608226,10916.17621,21927.52102,139207.0353,19860.40575,719.8008056,3335.733805,2965.177586,1796.100908,1503.493364,37632.86336,10092.54399,843022.145,1021.908704,179707.6174,2960.872508,5799.051757,207706.0158,269458.3202,417439.4866,46824.87523,57227.30071,303913.4777,84270.22253,171954.5147,226746.2523,23942.02642,177650.4271,454955.8686,1319.491627,3558.401597,13001.25203,407978.9091,613698.838,338382.0644,60468.62126,414378.0959,40075.83034,134391.7854,32575.03159,160196.0782,46203.55291,2907.589109,4281.016448,68797.88586,53967.53646,1211368.173,122576.2213,654858.5212,47956.00768,174632.6142,75524.89122,336398.1736,317378.3495,114400.2319,440585.1669,109595.4527,677201.8698,643706.7437,3041.828452,7304.406205,355228.4955,394218.774,1284916.878,19014.90109,14219.21875,149254.0829,32741.00273,530351.8996,620147.9164,112117.8128,535156.5502,448370.9833,95207.55634,201238.8945,21561.41115,13636.15163,32260.58919,10683.26461,622231.1169,101274.8812,B2,11,2009,Drought
X09_13S_N_C_0,7826,8.028435608,644.44515,692,4.689440562,225.95864,603,5.95285001,54.43895401,714.8079231,1640.653448,6825.338556,3320.417203,959.7926258,331518.1,734242.4057,729330.2789,31742.63067,33078.20787,1414.390065,4298508.069,2779.613235,1382.578193,582861.2006,45541.00937,1723.419683,235914.2163,7071.351992,7866.309527,229984.8962,142671.58,1261379.262,351622.4501,289330.6661,80453.10239,27843.98334,261786.2311,114166.9145,406961.1959,71615.73496,1887.675682,28304.72008,409053.8674,43813.7782,8194.624021,12780.65613,318840.668,71750.29576,92344.54653,775.7346175,4171.65733,4384.226588,95124.13988,10110.5906,209271.5557,1441.044547,35761.07604,2119.425766,2403.281788,7193.17144,62239.27054,26767.53521,79061.92233,6985.180558,10864.93111,20498.42925,141002.4065,19074.07461,603.410373,3354.833452,3302.864074,2070.577344,1166.210227,40017.80624,9396.966006,866678.9137,726.7931037,178377.0403,2907.123872,4126.136991,205007.3502,276798.1821,411423.6316,45228.70633,61080.29012,318393.0334,86986.06395,177518.5535,221570.577,23697.50687,177715.8254,462205.8666,1042.063767,3706.928234,12287.06557,420603.336,605074.6938,340546.1625,59959.69373,420780.8564,39751.2826,134206.8857,32224.00714,155739.7148,47542.77009,3409.199993,3401.094525,70245.7551,55319.8772,1210517.379,121923.9681,661435.8528,50072.58062,179245.5697,78946.28557,337826.8119,323129.4045,115056.372,435741.834,111480.0399,681947.6225,638210.2341,1673.583818,5746.51129,347902.4831,391087.5407,1296751.839,19115.18748,13840.80576,154069.0157,34452.19997,544991.8078,595441.5918,112932.6614,533899.5746,450949.3074,90819.72369,200659.6471,21717.95777,12057.4042,32466.12541,9951.584862,629829.4552,94638.61521,B3,13,2009,Drought
X09_19S_N_C_1,7552,7.967535944,628.95996,566,4.260516115,218.20188,574,5.880666533,55.40571427,812.6409612,2234.692583,8006.3311,3418.908258,920.6892036,334923.5952,736936.7591,731222.1773,30499.80589,35122.79432,1803.688859,4314039.105,3055.337949,1431.369779,588849.6049,49107.55212,1720.460423,252718.9018,7657.710827,7911.983522,240826.9799,187256.9918,1288540.01,348023.1376,306615.5822,85119.59135,29053.5494,270370.2498,120777.7755,418271.6435,68099.95226,2142.091345,29338.03973,430495.3292,43081.6924,8723.564773,12127.64064,328592.2219,75811.70277,94480.70479,1372.012554,4357.853926,3776.465915,97323.40224,10775.66107,208166.7989,1602.772239,35067.47828,2164.710271,2679.003321,6010.931997,67567.75806,24600.47192,83291.25675,7264.322008,11545.0933,21999.49575,139909.3378,20275.46302,1314.333889,3502.776474,3431.323405,1778.125723,1818.926424,42750.3096,10599.99452,863012.5675,1157.117425,181853.7149,2694.867472,3665.287407,204535.2954,288398.2865,411912.919,50815.27619,58390.03654,325434.2498,89924.92878,186636.3064,228187.5662,24632.3522,184465.1096,469812.1823,2062.227769,4569.303473,13148.52418,411776.5028,628123.6097,351286.847,62502.03153,447457.8537,40316.65109,134501.8377,34109.47333,160468.487,48008.65722,5257.243313,4662.73618,80571.83765,53633.13351,1256170.3,127471.9647,691751.12,53156.75051,171764.8582,79842.47848,345638.3911,332739.4273,117492.9599,455241.84,114963.1384,687722.2945,651878.5772,3261.440377,7042.021661,343118.1169,387558.5586,1320645.979,14689.11129,15471.2125,150309.8755,35164.1699,533212.3846,584984.5201,113311.5661,555893.5928,465106.5333,97715.88346,211502.424,22593.45065,14751.10829,32725.44978,11676.03954,642159.1108,96305.94625,B3,19,2009,Control
X09_23S_N_C_1,7062,7.740739127,590.01691,575,4.781953088,214.25192,533,5.819515449,55.46620713,772.3827391,1138.100665,6877.991619,3406.742868,967.2240069,329539.9661,716303.9379,758952.4956,30861.00385,33087.28644,1670.078091,4342500.676,3457.120636,1332.088557,591847.5427,55231.71468,1937.772679,244556.6034,7779.635665,8379.637867,237253.057,184284.6821,1292790.152,353975.3627,299883.9127,81599.31329,28083.5544,271769.6929,113748.6669,417114.3256,73615.74453,1378.129985,29760.17566,422381.473,43298.23209,8845.201158,12664.27159,323974.3738,71028.25494,92628.94975,960.8228818,3923.675996,4353.444032,99144.92317,10835.72338,205255.6506,1540.273886,34335.37669,2077.41487,2543.780035,7326.537699,65507.72216,25103.15426,76578.77836,7238.438772,12099.83295,21877.05572,132965.7619,19664.75617,928.3555828,2659.64338,3080.118055,1552.267604,1462.459919,47624.14594,9413.637546,855293.9955,973.1043936,179671.811,2793.258434,5681.504629,205156.1158,291360.4308,408918.6839,50063.50002,55564.05287,314522.3358,87867.41019,184341.0395,226961.793,24797.40268,181212.8265,467829.0807,1040.616621,4001.600804,12502.0623,417839.9858,620643.772,347300.5194,65321.84342,434211.1024,40376.35587,123416.6582,34597.45366,157748.0523,45015.53531,3592.28792,4664.868671,77482.44425,55001.50859,1226894.699,124880.7705,666369.9015,50812.6131,176207.6106,81196.32572,336768.7555,330376.5354,115517.9309,449062.7528,113291.597,686711.7392,642873.9752,2999.77723,7935.611424,349114.5197,389745.5186,1306184.709,20587.95732,16822.93954,150614.7869,35087.05378,537622.9748,608826.998,111220.9407,544046.2559,466686.4067,92944.25441,202097.2731,22106.35393,14020.92318,33805.70416,11147.15393,609287.157,97860.91105,B4,23,2009,Control
X09_24S_N_C_0,6980,7.742830481,581.72979,633,4.677194559,207.65501,609,6.045413813,58.14784693,840.7685815,1471.187419,7750.393233,3892.793977,849.6507888,330039.5899,726289.0212,758170.3087,30590.86358,33815.8392,2188.894866,4359279.105,3480.022222,1434.023701,600628.5004,49957.07244,1987.307791,250385.1118,8681.207934,7550.329753,240824.6945,183212.5925,1276297.794,352648.1056,299674.1874,77996.60388,26294.14913,271837.5788,113539.1161,409434.7936,72204.41933,2270.768459,28880.43713,787445.1075,42776.66757,9213.508715,11633.62988,329298.4801,71352.0572,96256.32175,918.6731549,4534.843886,4411.844231,97774.22411,11305.29858,210962.092,1830.954321,33067.6046,2254.341342,2919.959137,6332.467496,59359.87988,24542.63357,81398.06598,7798.650923,13220.93138,21599.17436,137770.3616,19190.58444,910.0139612,3092.074878,3325.08945,1455.308864,1509.259281,40766.51574,10444.66711,867088.0282,1019.348379,177197.9613,3192.379421,5673.808151,205580.0652,287229.6062,408602.0307,49578.15756,60045.61253,315267.0651,90146.07836,193387.7919,231703.9653,25341.46962,183422.1422,464310.57,1130.927103,3626.384675,13863.92698,417640.8233,614823.3588,347884.2425,60618.59348,430407.4883,36938.81489,131935.1852,35269.81991,165776.9111,45310.77678,2948.879887,4909.205617,74391.79766,51032.00604,1225705.008,125244.4172,669712.9592,50497.78998,170434.2764,83383.80764,347774.5546,321427.6925,117037.4827,457079.5793,113442.3338,676294.3764,653669.67,3493.188193,7672.564918,342905.4846,390306.7272,1293144.905,20470.01041,15555.84556,152545.4092,35727.66572,518528.2214,598061.6026,111367.5364,552287.6253,464145.741,100567.0125,207075.8921,22605.15027,14540.49857,34118.48702,11192.95205,614919.461,98121.2588,B4,24,2009,Drought
X09_3S_N_C_1,7208,7.657720759,606.88646,452,2.962830607,188.76536,491,5.598561523,48.56978856,736.7824733,1555.924421,6846.34568,3698.106343,946.3534779,327496.5363,715694.6677,742580.8184,27118.47966,33444.43702,1351.088851,4333057.613,3666.399477,1418.29961,575665.3124,49324.16946,2068.48334,241912.4562,9464.996393,8668.711642,229606.3089,188919.0431,1331360.775,352305.9132,293004.8696,84196.88219,27366.00916,265487.7946,113266.1206,417148.7393,72654.06518,1336.511735,29600.46114,408750.9722,42555.87728,8228.324966,12055.0921,321883.2271,71977.41232,95359.44427,988.5506232,4534.488318,4059.749976,96907.99702,10877.10626,207613.215,1697.803104,34475.31346,2597.962752,2679.592038,6744.351488,61902.821,25601.12895,78037.31068,6747.436112,10397.89112,23433.40716,139486.1367,18927.63136,889.5984272,3537.723444,4111.934471,1775.798534,1772.797477,39076.727,9952.134998,843260.3849,1045.911626,183466.647,2976.400758,4663.909565,210800.046,272591.2954,411245.1619,51619.1755,60520.41182,311765.9271,88422.30845,177626.4426,232962.9558,25575.15622,181498.7276,461626.7126,1243.865801,3798.037221,13232.05192,410620.3463,617665.8124,355412.2906,61228.75709,424773.1511,38622.89122,131984.1113,33442.49384,160355.7708,46566.31914,2497.997574,4929.672165,71628.11051,53778.33118,1220793.888,133375.2197,718463.7049,50069.00529,175688.6634,81197.48575,334754.286,326555.8225,112238.1134,453811.7039,111547.0555,684009.0965,649259.9464,2410.48322,6830.985161,346550.8503,387093.7633,1289056.929,18368.59058,16619.32406,145070.9482,33737.60867,535056.236,621291.1601,113320.5447,538710.0105,457477.631,92567.2477,211972.9517,20952.02996,11854.75311,32871.6589,10352.97431,624859.8155,97887.80868,B1,3,2009,Control
X09_6S_N_C_1,7499,7.925393481,623.94909,557,3.308564099,220.49532,577,5.828904264,58.07690069,709.5166268,1617.971965,7119.304647,3465.170437,921.80943,341789.6057,718653.2927,727067.0258,26512.55837,35613.25504,1401.645152,4625301.79,3094.010079,1199.458959,574998.5058,54441.27914,1681.565368,242178.706,7989.411832,7155.919745,224967.1906,200396.6544,1280110.77,342782.3113,294463.9119,85455.75425,27756.67641,259959.8444,115379.3486,403629.4836,82104.29463,1085.711943,28478.74652,412539.586,43523.13781,8705.55382,12521.2639,314726.5078,69426.20223,96651.69571,698.7577925,4029.023111,4077.746298,89922.97465,9356.074547,208651.6627,1467.792877,32850.4117,2171.857061,2786.037104,6234.29279,64829.52391,25326.00367,83633.9556,8242.356541,9884.557793,22650.77363,136067.7387,19500.91267,0,2776.96913,982.115145,2103.408699,1298.57553,39831.77757,9685.959221,836721.237,906.9312007,173300.3358,2345.071353,3837.390659,209636.5014,278572.6597,428249.9189,45862.48345,56106.81092,312062.5086,84505.84742,178336.3044,219445.8598,23495.57626,184732.5162,453020.9747,1102.903555,4123.149695,11636.03132,410232.5563,600094.0359,335823.8873,60258.44827,419736.2404,39917.38809,140392.5414,33573.02204,155288.8343,46808.6934,3081.924914,3773.890203,68779.66953,53622.27814,1216342.189,120199.4184,662454.8662,49893.48696,174578.5347,77935.52622,335514.3465,334470.693,114396.7783,447899.7217,114405.3328,683972.0642,608268.4827,3023.911791,6833.713691,338720.124,383254.0007,1267619.363,19463.93504,14252.4226,152737.4774,33150.84291,538786.5637,591479.6418,109834.9917,530995.1391,441374.0774,92340.04133,206242.6809,21096.45738,11942.16506,30729.54918,10513.60294,614759.6068,100724.9289,B2,6,2009,Control
X09_8S_N_C_0,7615,7.930406845,624.0851,532,4.420864819,196.85117,558,5.851908939,55.67026985,847.0808809,1344.883823,6846.446497,3366.364808,1185.305272,336525.5475,754020.0343,761315.2922,57774.33362,32245.86626,1554.814731,4457122.039,4258.230651,1297.464765,596403.9853,34456.72694,2590.323523,237968.6979,9584.774511,8380.015905,264719.3535,190756.2803,1276091.643,341624.0013,294236.1026,70972.98242,26144.17338,298230.6726,113635.8011,391592.5366,63677.09293,2850.285004,33660.41001,435111.2429,39767.99779,7027.885866,12189.68263,325012.6123,70769.64918,98137.6889,860.8381214,4440.542265,5414.724942,100358.078,13263.0323,213420.9259,1543.582942,32817.66588,2054.713475,3603.543919,6624.497922,70105.04472,26681.26414,63801.7339,8273.942026,11768.40267,23369.58429,142787.0649,19404.69398,905.4269398,3337.600827,6648.888584,1292.352442,1706.747205,46001.62546,9834.090504,834726.6265,1162.458834,183790.3204,4158.117593,5307.853727,213294.854,696486.2204,370620.0013,52090.37648,64171.7372,308335.7265,95475.66929,182948.6603,247895.0509,29065.01345,187315.2578,448592.3759,1047.556543,4249.929564,12236.84363,404261.6682,644758.4992,364150.9284,59718.70485,461725.3342,35035.43517,123373.9488,28892.85242,158474.8796,44552.22173,2848.676289,3646.420695,80824.66961,51328.12644,1209220.003,121778.7747,647844.4378,52280.64929,179332.896,84554.92104,334231.9831,318641.4226,119401.3547,450001.1742,114613.3597,683342.1576,703261.5698,3842.802565,9644.088289,362339.2247,415748.7508,1338724.388,22317.19801,15755.49094,146091.3246,37024.2885,523562.6352,605600.7557,108512.4673,555284.7105,469966.4709,91462.89323,204364.4735,22887.21045,15853.95029,34168.19889,12587.56611,608664.6657,87896.83545,B1,8,2009,Drought
X10_11N_N_N_0,6815,7.539471253,602.74408,541,4.592175023,218.97063,529,5.757634307,57.2270444,0,1605.777564,5996.261915,2673.139965,0,299100.4103,691013.1088,678873.2713,26242.65335,33014.32951,982.6632707,4014045.388,3472.080958,1517.979374,568143.495,55553.46859,1822.227673,231028.3395,4899.728402,6283.186043,214576.7922,191842.8074,1219683.12,330881.7932,266810.9516,78357.05612,22290.8681,247741.3424,92128.70313,372086.7828,76150.66506,1633.103767,22025.84277,408901.5345,34595.84469,8489.972949,12983.80427,296532.8754,63571.17528,78208.88775,0,5245.758787,3682.470686,83655.53541,9759.979657,217830.9678,1656.924439,35664.752,2823.093861,2715.651394,5688.360742,48966.43332,21442.58834,81853.24294,6780.022672,9327.19372,16351.90883,138557.3627,20936.46196,0,1834.965147,1712.555622,1690.500678,1805.350786,29688.59542,11165.11623,833879.8513,0,160674.308,1817.340449,3650.71225,181460.134,231905.7687,445551.335,40653.4726,66196.13405,281866.1634,90042.90457,151951.1487,212973.9954,21631.11404,162196.8563,441487.108,1097.326408,3506.847622,10570.05421,390581.0071,584511.4823,310913.1778,57685.26964,389690.4385,34063.22399,129888.2992,27561.4116,146795.0499,42547.48794,4325.280674,4347.914298,93769.06112,48649.21338,1195188.285,109127.6767,639019.7353,42605.30054,161093.9666,74475.86081,313058.269,299384.9822,103147.9838,402902.4529,101928.4404,656953.4846,576508.6354,1365.931258,5777.049002,321332.7311,366950.3427,1190479.102,15648.60568,10924.82358,144789.86,27560.53256,526210.0752,591159.0973,101145.0442,518276.5792,432002.1271,84023.24851,178844.4642,23492.64116,12051.33237,21396.43975,10010.95036,628680.6415,93477.50085,B2,11,2010,Drought
X10_13N_N_N_0,6828,7.663555505,595.40922,319,3.540627417,140.95159,479,5.553602448,52.03006182,613.6359185,1840.823538,7272.184648,3480.773204,716.9359517,341405.3075,715921.453,776110.1131,27321.30867,30391.95945,1491.088819,4393337.072,3462.725441,1349.721175,591244.7022,52771.61005,2504.211314,245495.461,7823.297286,6706.426624,236448.1479,191268.4813,1326964.926,349712.6858,298250.5056,90435.64158,24668.02734,262570.6394,110976.0377,410477.8649,85219.32578,3024.905056,32396.54463,421188.3736,46653.36616,8779.270293,12925.18238,332044.7131,66418.44339,96803.49976,946.508144,4437.180033,3709.182746,97086.65983,11009.87087,209977.2085,1445.058876,35935.37284,2173.69018,2217.670055,6398.33067,65077.20353,23669.89786,86637.36421,7530.08888,13044.68445,20644.91109,154692.2827,19211.75561,632.8818839,4614.131923,2386.743796,2250.721251,1440.94721,42018.7902,9818.738684,860878.6836,654.066719,183905.3131,2575.81228,3898.908902,215701.9531,278311.9282,423793.9308,48940.01572,58862.96191,307601.8423,86105.28214,172468.2353,218577.3471,26285.47045,181872.0943,459764.4089,1171.823817,3790.948723,12418.77553,402710.1025,637884.9011,359988.7235,60033.13677,444608.0614,41563.87207,126383.5533,32153.50403,167082.2566,49108.2991,3864.812817,4020.066705,68830.26631,53700.85159,1229307.668,120219.064,657638.4298,53117.59467,187730.3501,82546.82635,349942.3329,325490.5514,115747.6209,463532.0528,118901.2998,699277.7103,648161.9839,2414.690501,7258.69697,377208.8049,399713.6707,1319953.67,19822.95342,13139.12207,148304.3582,30752.17005,539756.0719,655391.8068,104913.6575,539112.6226,465839.7738,94351.77918,208329.8032,21398.48314,12369.83828,32590.05337,12789.97597,617090.0755,98431.5948,B3,13,2010,Drought
X10_19N_N_N_1,7454,7.939276579,620.1301,458,4.021441001,190.71694,571,5.893386013,58.13445223,747.4160102,1694.49547,4873.895779,3056.571473,758.7121136,323251.0052,682082.5601,733258.8717,25919.66572,28801.24001,1270.588077,4143028.367,3621.287232,1662.176318,567466.8103,56050.11404,1689.125294,236617.6656,7088.107397,5669.695611,210653.8452,197751.7388,1297117.761,349884.032,283432.0676,77048.68327,24682.38983,251513.6864,94323.05876,385858.3984,85838.35203,1165.331761,27896.72613,386524.4448,44861.14005,8117.936552,10199.90029,309046.9917,66259.92379,94318.87662,0,4787.889817,3034.524445,82036.07687,9182.282728,201961.3352,1345.224696,35177.67467,1888.794045,1931.1793,6864.40574,63391.57578,23363.5307,90910.74518,5847.279854,9438.967089,18035.76635,133421.4808,21804.27425,0,3315.640903,2793.839567,2100.184688,1207.756839,33487.78909,11426.84904,834911.1224,0,161378.2501,1698.832491,2920.395631,195046.8439,249893.9082,436142.2162,46060.0333,57232.40374,303693.1877,82402.41079,151276.2328,199458.6802,24864.86949,172870.0435,447107.3841,1092.947012,3230.226312,10631.59671,396952.4947,607703.2986,320658.6158,56638.09044,403776.7871,40057.8877,127636.9193,31657.26581,153385.8172,49023.35456,3099.927152,3758.561174,59294.75189,52893.70634,1165583.678,115170.9321,611430.0998,48929.5226,170204.6505,74194.45894,328861.3749,313256.1848,109057.2851,456040.5849,104519.4054,670259.3488,585707.6454,1157.894602,5537.594388,354921.9784,373637.5981,1219157.708,17161.44977,13687.87246,150634.719,25125.45659,541991.863,628440.1618,115500.7838,507561.2915,426584.2726,85938.23135,194259.2069,21424.04537,10985.47715,26943.67604,8914.132783,611620.3752,99685.43079,B3,19,2010,Control
X10_23N_N_N_1,6276,7.416817144,549.91504,357,2.789714079,179.14202,471,5.528729998,50.71918679,666.1563745,2512.195667,6128.895179,5006.541939,1025.071403,328921.5714,714826.2015,753792.9582,28599.2029,33628.00764,1362.589789,4320158.425,3535.864722,1737.427612,618758.0753,64953.57309,1886.856492,243863.6237,8516.137201,6522.128037,234984.1116,206723.2382,1357435.63,361245.313,300598.45,81335.02909,26707.58002,245453.9478,111571.1137,405384.1577,80329.79301,1475.567128,27964.60588,410107.215,45939.45372,9281.416919,11842.45201,327107.6093,66515.20183,99048.07341,749.1087408,4149.980989,3066.185696,91975.26933,16439.04986,202062.0132,1668.637703,33463.36344,2221.643014,2912.873074,6414.905999,62522.74097,23155.69644,97090.55732,7653.685086,12017.72025,17114.07723,152605.6378,18733.34559,0,3721.703486,3314.676894,1699.286282,1568.77417,43133.85988,10636.00577,860829.5213,624.0104632,230784.9537,2428.297659,4004.333534,218245.2827,277948.274,434786.0512,46691.99948,55726.68011,307371.3249,88755.50363,173199.8404,232534.8637,22340.87534,180589.6099,451548.7705,778.4913897,3946.769912,11950.2025,405783.7255,633715.1057,345265.7668,60753.13685,413722.9319,39256.36329,130462.6604,31897.77836,154055.5323,49999.79371,3509.212533,4943.666887,65654.86152,51972.89805,1262252.18,118967.899,673262.1483,51573.07307,169928.2412,78103.55599,363898.2012,318284.5569,114703.8958,475654.8948,116619.7541,705073.523,643845.1616,2510.391168,6114.43886,359324.9254,383716.3114,1279624.223,20927.04648,13707.27737,156941.208,32242.93291,547287.8765,624735.1212,100744.2917,554102.3323,482293.5937,92353.80322,208903.25,22242.96977,14540.09359,30121.93197,10729.17928,623729.0681,102174.1024,B4,23,2010,Control
X10_24N_N_N_0,6961,7.91444386,628.90374,386,2.296148943,162.7822,477,5.538269154,57.41781535,602.1254792,1780.909306,6262.338107,3435.605785,1003.943763,339977.8285,741062.5266,773865.3266,29446.41349,27504.34065,1340.171898,4452400.38,3930.574691,1331.904096,612896.5334,50653.11542,2970.829269,250429.5466,8193.610236,6846.188084,240218.0792,198611.2291,1330220.113,353162.1774,306947.8386,84468.07548,24239.89658,260252.307,111720.5233,404125.0329,83772.28008,2330.086442,30672.7356,414544.7818,45472.38794,9817.897487,12356.94145,333522.092,69181.86342,95205.2225,891.5876936,4953.200755,4145.490741,96151.1785,10286.26956,223608.4421,1615.601512,32736.79118,1964.692221,1744.165523,6327.111079,65420.93198,26035.17376,89704.59738,6267.414682,12783.17369,22489.19105,149216.7345,20203.71174,533.0838887,3946.885031,2324.624075,1679.222455,1551.098654,41042.11944,9828.26385,878360.2644,626.0494865,181111.1776,3210.692153,2418.91112,208341.4842,279692.9945,428932.5925,45122.49465,57463.20982,313710.5223,90812.13142,184728.7734,224281.3945,23442.29793,184867.5863,454632.5416,958.6171813,3622.644055,11777.73752,408659.0196,620237.9564,370788.0259,59334.75069,441417.9227,38515.82352,128665.3224,29965.72177,166391.2654,48393.63516,3771.222583,3990.406123,69415.54737,53123.85479,1228095.536,125129.8489,634821.4481,58799.46217,187625.4856,83702.79456,352970.1957,330726.3942,117101.633,458667.9581,111927.8144,704851.3702,655646.6788,2310.711259,6648.311253,381694.3773,402351.6799,1310905.463,18337.53754,13655.11166,147483.4625,34400.56693,538801.5722,641809.8424,100393.9117,548751.4645,462622.0422,89907.06794,207100.4978,23584.52603,13453.86154,34461.64199,9917.760521,612310.2159,101622.3147,B4,24,2010,Drought
X10_3N_N_N_1,6600,7.421966041,592.8122,300,3.368953979,136.289,488,5.49255892,51.33990837,679.0636845,1568.69485,6075.514298,3686.289873,695.3430524,314744.7391,711503.1212,721478.6964,28530.20743,29679.83781,1298.382538,4290826.024,4211.223127,2267.739597,587225.8231,45914.10361,2869.20281,237449.8958,8337.389292,7557.324853,230917.7607,189246.579,1258261.704,346695.1661,286383.0455,81752.13942,24213.09006,241852.9365,110149.4699,396464.1845,90789.12258,2185.224851,28718.6262,406859.749,44049.18373,7902.613666,12420.68963,312181.3825,70168.89885,94164.86752,848.3049037,4763.980765,3751.13503,91528.37288,9186.432716,209477.6388,1814.174341,34183.96731,2189.075737,2276.113121,6712.547909,61320.7744,28607.5298,78931.65112,7160.19101,9726.533869,20530.90648,141261.7653,21156.87261,763.9322472,3787.706046,2997.072959,1665.221309,1315.437924,40158.69651,11965.67248,844648.1898,0,174538.4252,3256.212145,4029.933899,206665.2716,264570.9326,416456.1375,48574.48023,64179.89779,297539.2249,84859.80694,170729.0781,223803.6488,23694.8616,172850.9067,450637.9627,1398.258203,3974.746626,10670.11849,403831.7799,593601.9464,344219.2743,57751.35748,433346.1592,36627.85885,126288.2079,29464.07759,154960.9116,50529.62888,2288.44967,3765.67777,70082.70603,49181.16781,1170058.273,121485.0388,616132.0817,50091.19702,194591.8138,80669.69868,332391.3989,306720.9919,112455.9627,437009.5302,109951.3917,678550.9433,663751.8481,2995.91126,7061.311501,393426.7207,386743.773,1281733.563,19670.95309,13750.12815,146691.305,29117.2868,539315.5147,652558.5279,97679.70361,539677.7696,453912.3361,87898.24103,200930.085,21278.74983,10243.07354,33423.26248,9573.23676,631265.2404,95889.82802,B1,3,2010,Control
X10_6N_N_N_1,6767,7.671858607,590.70182,457,4.126328008,196.31092,534,5.782557295,53.90682857,0,1638.521545,6192.936036,3295.409446,1083.063254,335007.338,718319.8764,759043.7449,27043.88444,28879.09647,1646.062827,4318929.947,3807.905779,1687.88854,591811.279,55641.5546,1880.190449,242606.7555,7784.714524,7428.80743,232457.6336,213586.5228,1327840.132,343508.2194,304618.5697,87608.63978,24548.99572,256851.9167,106297.0352,373778.4612,81757.10802,2276.560292,32958.44414,402107.7059,43577.51425,7583.966884,11676.01572,329261.1932,64871.43014,98842.85271,767.4801644,4231.961934,3287.581684,88254.43508,9112.045636,208665.5342,1922.820377,36578.68475,2350.177836,1974.183891,6806.805039,66722.60176,26084.59174,86075.44413,7317.386284,11460.82093,19601.54052,150785.5147,17137.31473,670.4884182,3779.810932,1593.388348,2230.206829,1610.323541,37786.51348,11348.31588,849921.4724,0,183919.9962,1649.79094,2147.455976,207085.6211,281912.1324,421500.8716,49578.42099,55912.02846,297478.2781,82541.44366,177677.6836,228785.9059,24057.23341,180604.6567,452885.8998,1603.817782,3483.62775,11345.67796,400022.1838,623041.0676,362955.8699,58831.24376,441283.8351,40218.51181,126883.8755,31631.83249,158679.6563,51306.69907,2350.076814,3632.372404,63015.25671,53267.25476,1209906.122,121974.6377,651183.4043,51707.7319,186475.7729,77520.28933,349592.9755,336649.8442,110160.2088,458621.3132,111503.6074,694178.9965,640581.7267,2044.493338,6310.911076,374104.5929,403980.67,1318240.861,21389.77246,18222.59983,150192.0108,30834.08,537087.5666,633719.437,98170.47652,547539.5219,462358.5548,87057.43546,206878.7078,20734.85644,12425.56794,32362.10513,9273.628325,603219.8721,95188.87569,B2,6,2010,Control
X10_8N_N_N_0,6815,7.546076572,578.1081,415,4.389883249,168.59847,544,5.825151014,53.50069775,1665.401188,2575.120767,9938.314356,2919.496658,2059.346909,404662.8474,811140.7712,880646.6131,36828.00386,36794.0792,2679.868152,4992534.41,3288.127262,3454.825286,693057.69,36820.43404,3697.353663,277322.4661,13550.43357,12498.73487,312211.558,177203.6576,1466652.464,395140.4539,374736.0292,89670.08847,33154.40648,349689.2477,154311.3207,468808.7678,63648.13362,3827.466545,37900.43154,532828.1687,53384.30431,9632.453992,14106.70862,385606.1328,93911.1737,121330.8951,1997.478529,3505.600766,6884.3298,141981.8335,13574.06455,246243.926,2203.388605,31470.79982,1330.56606,6430.813068,5842.745771,91974.06764,26897.70448,71770.33274,8872.527935,18824.45511,33929.98805,155686.1175,21988.73906,3177.330338,4979.947616,6213.066519,3513.647026,3801.205326,63836.99804,13022.77155,933462.7025,1717.41567,217650.5686,4411.21999,5413.886737,256775.3545,374011.1,350839.2816,68059.12344,56707.84547,356589.3349,118300.1115,226939.0065,276158.4985,39229.79165,220157.7536,506210.1558,2410.39834,7551.99303,17609.36072,443148.0015,777328.5908,406045.9377,73628.47434,547703.8892,36681.96869,112382.9827,32816.50704,199133.3427,47840.17086,4957.807793,7858.571349,109262.2603,63158.44866,1400382.445,160270.1917,840931.1977,63188.22845,166875.2393,107072.3065,395836.6559,420929.3483,140985.5659,582049.0609,143302.5662,740722.9093,862053.7694,9002.489539,10790.9873,334181.4284,472711.7838,1474947.235,27732.99467,28077.9673,150171.0872,56435.28062,481044.5918,618819.5686,139921.4215,695283.1076,606228.0125,124824.6223,241172.9013,29273.32548,23310.61269,45244.45345,17484.30968,599304.8677,117332.7811,B1,8,2010,Drought
X11_11N_N_N_0,6035,7.527693378,530.70008,270,2.804811822,127.14677,441,5.493006182,52.03890588,868.4458121,1305.470616,5842.839081,3113.842241,0,314390.2835,702599.5847,759909.2518,25822.15491,30955.12131,1513.661345,4237709.353,4494.374238,1589.426757,587177.1883,53661.49201,1651.751948,225211.93,7355.297512,6724.001825,221228.6605,190890.7117,1299759.265,335941.514,284483.1132,81957.1672,20465.22848,249752.9419,95148.54131,371776.8208,83084.29811,1744.460535,27138.08691,379976.4042,42479.82003,9716.209114,12127.95636,322796.4807,62485.21116,90512.98121,0,4781.747857,4273.648573,84667.6396,8651.985137,206273.22,1253.644284,34449.38617,1733.514422,2155.408746,5677.818743,54772.69922,25822.08757,83473.64807,6494.209653,12411.79404,16519.50146,138538.288,21278.12789,0,3490.16414,811.1898145,1738.048303,979.7167209,32905.98037,11464.57977,857334.3448,0,172630.1699,2644.566952,3570.271846,188399.9652,260386.8552,426793.1935,46747.17462,58463.95855,281332.1037,83180.74719,160122.5349,224546.1737,19897.54744,165318.6533,442999.1763,1052.45605,4334.840677,10311.19139,394547.8774,581289.3939,337157.7361,54814.4843,427030.6287,35678.49328,118998.6051,28466.35402,158707.3603,43888.74065,2500.32097,4488.39978,56224.43177,48290.85054,1158433.255,111599.5133,624336.7052,43302.96902,197504.2963,76138.65031,329657.6037,302286.5475,106798.0913,430683.2465,107855.0372,667337.007,589798.2231,3351.766902,5338.342545,402815.4541,367760.992,1248995.6,16493.24128,12011.58551,142351.0215,25757.46525,528287.067,650479.676,92688.96847,505783.3432,423730.6501,87116.3285,185794.4994,22005.10437,9720.528132,29047.5038,9804.458234,586682.6183,95299.30284,B2,11,2011,Drought
X11_13N_N_N_0,5444,7.470877393,485.53657,349,3.504830743,142.67729,395,5.299583437,47.65943323,804.5558002,1488.448674,6292.368476,3431.148548,880.7453657,347577.2403,759051.667,764004.3964,27737.05511,29953.49442,1392.42578,4487604.882,4342.877706,1783.813444,606113.7842,44731.71112,2162.716947,230880.5195,7304.45946,7101.46189,241724.4012,193467.1477,1316074.559,351426.258,303686.1961,84228.20423,25453.18182,260926.1753,113724.3299,399538.5952,80615.33322,1899.540693,29662.784,419479.6456,45231.99766,9380.404714,13191.48312,343293.6357,71394.67615,95406.58586,944.3357115,4494.29635,4111.716401,101012.626,10886.51271,219860.3735,1462.045353,32555.96425,1980.035027,2488.514484,6331.129149,59114.59336,23565.95679,85324.24801,7235.276066,13118.02703,21624.52347,153259.0183,19188.5027,717.3703995,3689.919246,2241.9576,1716.882048,1345.691708,39202.17989,9797.543552,884291.3502,806.9221622,180134.9666,3236.715757,3740.955168,205099.7434,279114.1641,415292.5506,47414.37582,65299.25598,315090.0739,94280.86314,185159.0459,228789.5098,23990.09859,175386.2656,448934.1139,1172.697286,4838.963169,11094.11419,418020.0383,620275.176,364902.6429,60189.37573,461898.0682,35627.57065,123877.2427,33364.00748,162122.7424,50140.47247,2725.746247,3986.551634,70468.74608,52932.48217,1234554.614,116315.547,637898.4448,56291.69545,192582.5756,86210.51106,352737.9872,313582.3208,114955.9379,458273.7395,113896.1443,699960.903,656919.6226,2885.002829,6732.134147,373947.3418,395078.4469,1292767.945,20838.36994,13471.91786,140744.7268,33611.44822,546495.1275,637697.2201,102877.8275,537215.5776,454138.7922,91123.19275,200301.141,22809.4283,13970.8966,35319.48742,10634.84577,606465.9463,99942.64815,B3,13,2011,Drought
X11_19N_N_N_1,6149,7.561373423,528.4601,479,4.35495552,204.31036,476,5.588655896,49.72388285,706.4778089,1579.684879,6142.50308,3216.966846,823.4073736,345537.8275,738093.1774,762606.6721,27313.976,28697.49062,1244.752364,4486636.788,4426.526041,1351.03294,604562.8291,47601.51673,2585.163461,229753.8794,8419.014425,7605.622798,236022.2788,197002.9217,1322908.195,350240.9602,291741.0361,82890.45076,25862.40571,261637.0333,115362.9344,402227.5164,78353.13321,1997.339926,30811.57951,398816.0264,43003.27962,8500.797682,12304.04436,350889.4081,68973.9872,95451.51286,752.784137,4506.375934,4461.637801,100978.5357,11033.14604,225692.6459,1414.08384,35363.16678,2446.613786,1836.970279,8046.576404,59726.82047,23411.24202,81226.99856,6973.69801,12506.69918,22506.80011,153749.4823,19211.61631,789.9364137,3493.959252,2465.476085,2265.769757,1348.815976,40254.82592,9135.508842,874462.0773,708.8381259,190231.1384,3794.852406,3349.843762,211994.7672,283774.2779,415645.8829,50018.96004,61631.75559,308359.5061,90911.8061,179787.0579,218966.1111,24653.46298,181200.2499,441213.6441,1047.599218,4635.621779,13680.79744,403269.7362,646482.5027,369303.0482,62301.96998,450258.2786,31889.35233,125745.8025,30258.19011,162722.1681,54012.82628,2269.036741,3338.955193,70313.10592,53346.18394,1235481.24,115557.6303,642412.9387,56693.56254,194399.1561,82840.29608,360151.8949,311820.6644,111260.076,464237.6375,116053.9084,709853.0502,656629.4823,2726.495587,7699.076641,379854.8283,390524.5643,1316211.681,19802.70377,12696.95565,120024.1234,34067.00415,544959.6236,657878.6381,96396.43027,546098.1116,458957.9309,87722.37229,212798.301,21896.16587,12319.41623,34125.94135,9957.029111,605317.4108,94411.54043,B3,19,2011,Control
X11_23N_N_N_1,5743,7.399672267,514.3791,445,3.895533709,186.75865,381,5.038728363,44.48811732,659.8976639,1713.039136,6890.557994,3873.471961,818.7218588,358028.1551,750459.8179,801503.3599,29288.22176,32793.99061,1294.295239,4558036.649,4097.470036,1555.733727,617914.8341,52924.27178,2114.45461,241920.4211,8072.790836,7882.578422,240718.595,203573.6335,1348581.203,349001.5173,303087.4818,82842.10041,27837.38562,276858.1117,119388.741,405552.7942,82764.96769,1206.337622,32373.94059,416929.7601,45247.23467,8490.229248,12715.86215,353492.9208,68096.80945,99917.74649,839.5815401,3794.84974,4711.212363,100171.8499,11437.20523,233104.8784,1493.685688,34327.02104,2421.902095,2134.310248,8386.205477,63336.06204,23408.62043,77289.8333,7575.127429,13391.78494,23177.64136,142137.274,19729.72249,1338.983583,3728.629894,2848.914796,2254.372535,1377.78954,42447.10909,9075.984102,885545.5242,897.4995301,188256.1648,3192.294685,4246.851062,214350.0956,294160.4391,433563.1382,47325.0087,64234.35256,316464.8221,94250.47576,190029.8788,249504.4276,26034.14276,192309.8706,449504.8355,1178.662118,4486.777189,11518.41487,413365.4394,640949.6731,368274.8426,63940.97681,472111.5744,34241.50493,119596.4986,32392.76721,171158.7294,51868.69143,2986.638966,4566.086534,70658.29896,52860.14708,1233128.24,120265.7917,658172.8634,56775.18503,186907.0126,88107.33977,354716.7023,316730.2595,118182.3261,476017.0121,115608.7139,725681.4725,672911.9485,2266.109207,7252.656073,359409.2087,400085.3584,1347284.002,21046.13197,15255.14754,143125.6439,37465.02323,549401.1944,627225.2444,104471.2232,543572.1537,463527.035,98156.15201,207888.9369,22842.3415,15269.26001,37641.64723,10494.43528,612740.2566,96746.07511,B4,23,2011,Control
X11_24N_N_N_0,5259,7.190751716,477.66754,355,3.713606985,149.0022,511,5.692106478,48.89242603,705.5232455,1903.978946,6413.780378,3485.338617,936.756091,358205.5282,744590.7418,792645.7731,26921.63662,30155.06271,1290.083441,4540631.202,3970.786465,1456.926577,620691.4686,50769.87369,2122.41324,230342.2922,8457.334942,7118.615419,242610.633,202015.6925,1369991.994,359426.5775,299073.424,85861.65491,28098.26533,268728.7172,118203.9948,410442.1545,82826.75971,1890.02839,31032.5912,427548.7973,44120.2728,9652.025779,13085.28617,356449.574,70007.16769,98214.35109,813.3011929,4265.463569,4060.861555,100016.6126,10864.95048,228485.0245,1243.503448,31850.29588,2441.76469,2139.681621,7077.346275,63134.15781,22452.86712,87050.01104,6551.744409,13383.93179,24282.1503,147639.312,19252.46475,593.0528593,3804.519949,2304.140247,2590.666391,1389.71037,40973.11757,9276.895406,887024.5958,880.4278017,183982.1531,3740.611442,4742.746934,213845.3508,293313.0116,437664.0186,48747.39951,60678.21336,313068.1593,96379.00237,185483.4913,236789.1325,25270.57277,181073.2565,447489.8955,938.4325138,4715.275258,10508.65988,420496.9483,635217.5507,374405.6287,60607.96717,462718.116,31830.23584,118667.026,33012.96414,170398.2032,51800.39088,2194.785476,4547.934405,72662.61146,52861.82091,1278455.724,115996.5637,689955.8906,58051.53424,184018.2008,87631.64667,366928.3397,322418.9603,120129.6386,478489.6292,117303.044,725943.8312,669968.9871,2518.134131,6210.175514,370137.8323,399295.9882,1334039.591,20470.61773,14588.6989,140982.2328,32824.16066,540819.0357,643159.9632,98466.33508,544805.7073,464923.9138,94854.30365,211242.9364,24700.69181,14904.14532,34418.52965,10492.58575,604214.2812,101871.1776,B4,24,2011,Drought
X11_3N_N_N_1,6531,7.63448676,551.70537,411,3.47528804,177.28505,482,5.562043232,48.07587116,887.4566083,1326.038601,6882.614158,3155.194059,889.822153,341726.4776,740576.2229,763479.8279,28620.85211,31651.842,1493.547194,4466587.997,4154.267351,1299.593385,611144.8032,44104.7288,2213.984787,233771.2601,8544.16141,7577.547836,235963.3711,198545.475,1296865.539,356087.498,292468.349,84518.44048,28688.277,268509.9523,119812.5944,409876.8158,73847.7133,1919.798529,30573.71109,399548.6897,42045.59094,8147.638353,12977.27797,346742.6166,67585.82537,97330.15277,763.9484354,4623.169792,3934.406999,101396.4701,10449.74533,217366.4719,1579.207669,34224.05459,2118.787509,2134.530136,6798.585461,61037.36973,24221.40899,75568.29253,7548.314001,13057.11307,21373.96999,156918.4966,19702.80226,882.3586768,3533.377527,2566.277761,1661.904481,1527.654534,38231.58962,10237.63123,899298.0919,884.7065746,183863.7655,3132.64661,3711.040233,216863.0977,284080.1459,413853.9871,46966.27753,63753.4509,302800.4137,92416.39149,183094.9818,238311.7399,25195.55368,174350.2124,440926.6708,1224.233909,4782.848523,11753.031,416010.694,644168.5078,374980.5463,61290.5338,458324.03,33222.10259,120487.2918,32868.62544,162638.6001,51596.17677,1927.844097,3610.200025,68367.45557,51231.12353,1251369.781,118292.7415,644903.2686,56342.40342,185604.3057,80529.09893,352415.0569,312001.3054,111079.9458,470447.1952,112749.4748,708070.1353,664207.2391,3325.2724,8062.782283,354787.7433,388642.2385,1323204.963,20881.46143,13803.15861,136190.3854,35826.77203,535436.2361,632702.594,102850.2147,540514.5572,451305.5184,86373.59599,215212.0012,22265.2953,15531.39184,31650.67839,10698.76607,605732.0731,97290.2206,B1,3,2011,Control
X11_6N_N_N_1,5793,7.382855267,517.47293,266,3.019555854,123.34901,475,5.625738288,56.96350674,775.0378417,1403.986048,8158.969455,3063.604663,667.8072519,329943.5495,714582.3518,777084.141,24874.10228,27586.16659,1281.908087,4385834.38,3494.510171,1561.817461,599899.3096,54926.94378,1740.485573,228485.7371,7034.504522,7402.453506,228753.2387,201222.2319,1335941.168,341305.7862,290474.9575,90580.034,21900.29778,261283.9447,100936.892,388812.8422,86959.85327,1609.938708,29330.56872,394778.7176,43468.37294,8906.67522,11981.59728,324219.9649,67758.97877,94018.98069,700.2900895,4277.587492,3843.346882,88544.77518,9193.704479,217157.9863,1271.615518,32544.83447,2154.519639,2028.961327,7930.235234,57225.09683,29484.24894,87148.51266,6442.810709,12222.6723,20634.89748,151003.0789,18994.89678,0,4295.042327,1694.644213,2186.067154,1418.656784,35918.10625,10500.26826,868286.0541,0,179108.0642,3223.192486,2308.014158,202474.2305,258801.178,424687.5819,47367.31972,64428.10599,301629.9887,87233.87365,162369.6321,231534.76,20901.92385,170318.4183,470798.5084,987.1710169,3598.99922,10379.31821,398476.5887,601549.7721,361238.5973,59574.73824,442629.9485,34749.87259,127042.9169,28854.12185,160856.7411,48383.96808,2870.627942,4255.313003,63416.60213,49032.76597,1195739.842,120320.584,628193.4729,51818.77097,197557.4896,77601.23097,337746.3119,320763.7087,118587.8914,437436.0114,110763.4598,685287.6358,621286.6049,1030.121872,5101.617248,402423.6587,383377.9757,1291019.536,16739.29465,13749.47679,141997.4464,26189.7034,548243.1315,638268.0917,97241.48677,525602.7749,444350.6831,89669.33667,197275.9138,22727.33692,10115.55648,31894.52768,9403.621904,596224.2819,101918.942,B2,6,2011,Control
X11_8N_N_N_0,5954,7.426568192,536.65277,379,3.865740405,165.56391,544,5.856867732,57.09954088,721.3642216,1547.051148,5661.961943,2996.232009,0,324372.5301,701736.8446,763072.0696,26187.24461,28138.09338,1314.756949,4305428.504,4498.608652,2124.150787,601529.3698,58225.51355,2092.730445,240251.3206,5071.890348,5378.405444,222445.4596,222518.3422,1322981.743,341392.592,299273.0888,83372.2142,23490.09676,249292.9325,101572.5074,378266.0586,84039.19316,1334.905811,28561.95882,387996.5412,41836.75491,10409.70829,9322.778623,342317.8748,66534.36771,89161.15411,0,4853.173407,3385.237275,91931.48474,9062.280561,206255.5984,1529.152979,36045.47047,1420.869609,2147.596179,5106.641779,53580.51307,22544.11439,86448.70437,6589.665387,11263.48894,14302.22427,140094.7569,21531.59357,0,3763.461404,1685.267382,1638.648366,1458.178813,32097.80825,10267.85216,874193.3314,0,166358.6279,2807.302294,2845.681719,194471.8648,259537.8179,432658.2796,49118.10487,61659.55417,291197.2536,84704.08358,169990.9739,222733.9622,22787.35274,173443.5667,420409.8935,1323.335668,3853.249052,11041.75841,402087.631,583233.6542,352854.3931,59744.66324,419380.5706,33282.0549,123193.0909,30830.09249,155009.0791,44344.33977,4061.022494,3733.854322,57010.83591,52397.02333,1203700.091,115594.515,631611.5076,51058.50267,181997.3416,76783.57303,344895.6208,309913.8064,112262.1303,454100.891,110933.8597,686828.3777,592675.3094,2184.556095,5644.400677,358086.5003,374026.8978,1256651.827,18629.89152,11309.0998,148115.2765,28255.65909,542073.1636,627650.3522,89115.45366,522446.0301,419739.1156,86712.92121,194009.2151,22705.94151,13531.684,30303.05613,8392.509134,591045.5182,92379.04148,B1,8,2011,Drought
X12_11N_N_N_0,6308,7.555115233,569.81086,295,2.902223274,133.67812,453,5.523735748,48.35267467,921.1877157,1441.920094,6395.803736,3433.95327,1049.763291,337791.3964,736661.2403,767210.7489,32455.39656,28051.4488,1816.960931,4442737.131,4337.403842,1880.240149,578432.302,46995.12126,1797.843443,230395.7396,9562.78529,8182.326961,247621.0994,194769.4806,1309794.222,349667.2444,298836.4237,80615.58304,26848.54589,267021.8402,106725.0194,407420.2594,79379.75389,2680.294008,35262.96867,414081.4745,42015.14414,8086.8131,11873.99211,337121.2853,66715.02819,97594.80415,616.2869382,3956.199134,5919.748052,95844.87302,11761.31499,214848.5408,1405.839992,33629.32551,2415.005368,3413.521251,7135.990703,63490.78555,25382.8786,66053.89058,8421.129238,12498.44151,22506.23633,129148.9154,19832.28933,1800.169004,3902.035401,3911.290825,1204.36182,1404.860198,41529.64492,10735.39527,846092.3598,1088.336641,178385.4007,3993.898919,5700.047819,209054.6222,296103.2461,409519.2263,53025.5672,59639.98671,300077.5233,92172.88433,175445.2845,246731.1895,25524.87355,189363.08,440987.6388,2013.345006,4327.028554,12419.18294,395235.0488,645784.3859,364870.0928,61550.43104,468193.8642,34579.47876,124529.6547,31883.678,159839.8593,47095.78401,2798.673935,4272.784149,76930.27426,51662.36488,1196636.106,116338.2116,634157.2705,49616.94207,185657.7501,82335.06487,332761.5247,295302.4314,111392.4996,465124.2886,112994.0842,697653.9939,672115.2858,3633.617505,8758.201106,383474.9369,394242.8868,1308931.83,19030.79609,19126.27397,147677.9069,33908.62423,532819.9951,645906.2851,107573.7647,559587.5841,459717.9428,88220.94454,197158.3265,21248.16967,15726.59079,33683.14855,11781.56994,591621.7031,92025.02742,B2,11,2012,Drought
X12_13N_N_N_0,6066,7.685479306,542.29856,393,3.984989898,154.93671,475,5.486367909,49.76606706,1054.758352,1052.626406,5818.527029,2799.600936,733.4052535,354505.5834,744006.3625,771612.3375,29291.03598,29205.339,1126.825028,4474652.24,3934.739417,1867.267044,616767.4552,40962.82435,1932.197233,231468.7482,9295.977302,7350.483835,245939.8391,192012.4155,1283237.829,351789.0321,302625.2657,78729.61374,27577.91164,272268.1085,113686.7913,402195.7791,78590.2652,2801.442946,31832.15682,400410.5746,42908.86603,8523.982033,13666.13444,343309.3902,71090.4071,447445.516,934.8687215,3824.62333,4442.021765,103963.2457,10809.38461,230124.9952,1504.624404,30652.88186,2389.702455,2989.402879,9978.667791,64008.16787,20729.98443,74849.21475,7444.396333,14154.52651,22177.02139,128782.0389,22178.49383,1393.264874,4220.40712,3431.784817,1401.071853,1661.992975,38935.01974,9942.386681,875227.6364,1130.615722,180608.03,4569.687283,4885.279929,206941.8252,283553.3498,420935.0946,48356.41453,63248.81411,303655.8514,95996.1907,190558.1837,239058.1794,27446.18593,192264.6001,432956.9848,1226.155355,4428.940415,11462.12212,411463.1596,624874.7289,377413.5806,57378.26326,459603.9203,33536.01421,124389.7502,31355.65662,161853.3305,46728.00926,2473.022075,3892.715987,73296.03337,49457.35336,1222277.21,118513.467,642423.5422,54891.00738,170721.4333,84544.38878,340026.1052,318638.5336,110134.0592,460209.7673,110650.1538,697563.7234,675241.4903,3188.921742,7239.291981,353993.068,401175.9359,1266910.92,20579.65565,16421.06225,144252.039,40107.58401,530447.3918,609147.9382,104396.2605,551816.2568,442213.2723,90630.27487,199206.2975,24468.38858,16952.43779,34448.78801,10002.78384,590762.5885,90906.03655,B3,13,2012,Drought
X12_19N_N_N_1,5038,6.891878741,465.36303,407,3.925037071,202.90193,396,5.049017669,44.34016827,863.6751443,2346.818261,5765.513519,2900.508413,1047.964401,355393.1694,730795.011,755570.0306,28389.66571,29249.28781,1421.519433,4351675.902,4092.467036,2532.887052,597345.9949,53220.80927,2131.887722,235129.458,9238.896532,8203.216239,235190.7004,200353.0137,1313234.415,348567.4534,298904.7507,82623.58133,28435.86558,269906.1067,118852.9884,408685.7846,75901.14494,1832.949333,34980.96855,407571.4054,41999.69168,7901.500162,12601.77053,335177.4082,65700.34378,96228.00386,725.823513,4041.267939,4326.003384,99592.43904,11361.53742,223168.7982,1599.297755,33398.34755,2342.783858,2498.122836,7210.972048,62074.99518,22481.65009,76254.19939,7020.714187,11470.96342,20891.33787,139068.1925,19063.46357,620.4783321,3186.648095,2483.567448,1554.918547,1585.418695,42720.6174,9277.923757,851033.7539,1060.434731,190583.026,2968.33315,3999.476309,208370.9172,278876.6725,406733.5744,49220.52954,58752.60742,312298.6732,93118.61447,184022.5997,234614.7894,29223.07018,189129.9343,439073.0137,1277.080329,4246.86753,11911.26746,405238.6109,653451.7443,365171.4308,64475.22322,446061.2044,32136.74497,118794.5236,32222.88937,161816.015,48980.59349,2489.92408,3736.141987,67441.18215,50472.87774,1238363.078,121405.355,665232.5211,52351.1804,173602.8968,84280.76813,338698.1784,297306.0347,115869.0886,465596.1665,114367.1397,720899.0912,655316.2516,3187.089048,7011.730643,353033.4329,399865.7274,1283924.075,22516.03084,17375.3475,144285.6033,33442.11294,546745.6085,624792.1466,100835.3146,554052.0341,456479.1163,95756.66919,209241.4497,22629.83213,15154.36978,34999.55172,10394.76533,615294.3629,91759.29542,B3,19,2012,Control
X12_23N_N_N_1,5184,7.176965375,465.20261,358,3.574513411,125.12563,431,5.120447683,45.97466764,1044.000267,1451.646906,5772.353696,2891.247804,994.6109264,363121.9107,750179.3344,781443.9368,27967.3759,29880.32285,1502.269901,4454891.797,4508.83447,3397.445621,616771.3418,47658.06038,2208.966152,233717.654,8542.608698,6458.357765,250684.7243,210801.7585,1343573.817,356300.5693,319632.6138,78743.09085,26134.63726,278063.9248,116124.9432,397265.4946,86070.88058,1824.620307,29070.13785,451478.1451,43980.38421,9995.836102,14598.21429,348420.8061,75022.28133,100063.1618,0,3623.809648,4696.199094,96275.04853,10793.32564,222551.5401,1582.427075,34950.89574,1953.189319,3158.052406,6747.982532,66624.82792,19385.8539,82717.9685,8710.951774,13064.41897,21137.91765,120668.8106,22269.50802,785.5931073,4100.20959,3712.286029,2417.279645,1624.989288,40229.94328,10256.34035,879825.1352,1169.96138,183283.6749,3443.88904,4775.926368,198058.9843,287409.2409,429112.9354,48419.22104,59226.56048,305065.0335,102307.9053,188512.2213,238796.206,32705.16678,190159.2518,442316.9246,1465.643948,4252.729197,12350.43392,407705.589,629788.9216,359383.5262,62330.59988,460512.8791,34203.78479,126365.9339,34107.8002,164604.1625,42256.91934,3237.739924,6006.442313,73314.8852,50746.95402,1248974.67,120190.1969,687015.7683,56720.37994,165731.1522,90130.94323,354824.6834,310151.7805,109420.1328,479288.4375,109264.4722,704434.7184,654002.4553,3814.7787,6552.694442,346444.8078,397714.8138,1290874.526,20151.24314,16814.74192,164498.2808,33881.15251,510131.8324,598644.0157,102367.4362,552548.2896,441382.2041,94465.50687,203772.6967,23512.03843,111543.876,33375.9711,11290.94682,606182.0815,104821.459,B4,23,2012,Control
X12_24N_N_N_0,5785,7.653116871,532.29642,412,3.776705178,148.12757,380,5.276707539,43.02232906,1049.16283,1255.035233,8278.817944,2609.778158,1310.531659,363252.3709,735174.6889,754228.5925,30888.92729,27761.30611,1064.068178,4455115.02,4989.149898,2324.180893,622934.3449,42343.43318,2396.549071,234856.9876,8794.739707,7165.978371,243687.9069,195883.4085,1313845.902,349234.3326,304184.3091,78441.31579,32613.59463,279205.6624,121526.2948,395619.4194,77036.18302,2090.21533,27763.93404,411039.3046,40102.82577,8591.88234,13277.26009,347313.3121,71746.52296,97146.54515,778.2903082,4207.080917,5156.121936,102299.6891,12142.66853,230854.6165,1451.919715,32318.98735,1842.325335,2890.630102,6226.444141,63395.48906,19114.67271,71318.87975,8120.137747,14098.39316,20561.93241,127782.9444,19887.09168,697.1995394,3729.712728,3593.333395,1862.4653,1586.028542,41617.78311,10318.41205,894763.3802,1206.520078,181632.6365,3872.580904,5195.15279,201190.9935,291315.1682,425206.1444,42435.58663,59315.09289,307170.292,102300.2146,198405.3597,237580.1874,30172.62605,187595.6799,435648.9345,1917.848542,3540.673479,11154.00197,415083.0294,630255.6881,372961.3589,62143.17823,459277.1429,35203.2948,121676.0106,30175.01488,165705.0121,42266.92089,3078.977827,4086.935852,72170.0835,56336.9639,1233147.663,117074.1518,666983.8511,56250.02711,160157.569,93789.18905,337241.5575,313553.0633,106360.6127,472655.3758,110187.5774,720472.7722,663164.371,3539.727811,7654.431888,342707.4802,388650.2656,1279196.297,21738.82176,16489.87664,151128.1471,38345.42661,508887.0532,602318.93,102678.0984,552072.6038,436064.157,92783.02437,195385.0832,24082.27188,19803.54856,34945.25041,13209.67074,596603.2385,90430.68136,B4,24,2012,Drought
X12_3N_N_N_1,6086,7.422217158,540.75865,397,3.711986436,175.70455,501,5.572531973,54.63799817,1356.336222,1763.222166,5349.698603,2625.578665,966.4000282,356036.8437,720953.3292,756630.647,29132.42425,26311.47184,1241.481862,4412596.308,4589.554855,3274.379392,607073.6709,47944.33772,3069.858168,215230.1969,10541.16733,7317.14885,235745.178,201597.5369,1282235.758,344444.1842,297821.6315,83125.96356,27035.15983,272518.1164,117673.2654,403737.0262,81124.20038,1415.558361,31523.88186,384017.3733,45459.20333,7609.405075,11888.79868,347637.7691,66020.4924,100845.3064,987.4498923,4354.082078,4230.368651,102724.4419,11620.26126,216968.1156,1701.240363,29374.89039,2401.227189,2349.782977,7392.024013,67340.22173,21123.09203,70927.89132,6650.699481,10869.98048,22989.14805,136655.179,17409.43725,0,4729.544117,3023.960089,1412.422468,2064.12377,36639.20116,8949.804754,866393.213,1095.932718,184732.0827,4432.061111,3666.339856,212266.687,284826.39,415135.098,47815.91123,62149.61022,297511.6161,92818.01793,189226.9738,254152.223,27208.48168,198220.4842,418151.0358,1421.220841,3729.570204,11174.30272,386269.2428,630726.2283,376338.5585,58228.01178,448621.0243,33270.33504,117250.6193,32483.71328,163367.2069,50930.74981,1506.894798,3052.106199,70806.13946,47978.24501,1258846.113,114584.7601,640883.5018,56322.63509,158679.2369,81822.06885,337286.0534,331934.4256,114331.089,481247.6299,108679.9245,713795.8508,650101.9427,4709.129848,7122.148986,345414.0607,410411.7001,1251300.809,20351.61023,21898.44108,136010.0063,34579.51075,537841.2165,618735.4531,102038.0729,546111.8799,444866.0473,84977.05314,208417.0622,25189.80598,17286.08411,31921.63699,9646.375507,607452.4231,86944.519,B1,3,2012,Control
X12_6N_N_N_1,5717,7.121719973,529.17561,221,3.074698916,111.01729,435,5.419842415,42.66584935,1083.472566,1518.531123,6067.865527,2864.304595,1192.048041,353583.4652,742881.0462,774043.0713,26522.59127,29994.99453,1528.470347,4487027.084,4206.528539,2021.181775,617609.4438,42689.57872,1949.269276,232646.0993,9751.605817,7910.667441,239052.7493,198584.389,1297262.044,349087.1815,302466.1406,80830.94676,26933.5269,283926.3994,112730.1275,397045.3506,77396.54044,2000.742874,31233.79954,415950.1067,42762.20221,8597.789428,13046.01697,339902.4981,71011.99519,98326.81332,876.1816296,4214.802382,5314.147382,103600.4759,12204.05644,225234.2926,1358.725065,32600.04886,1899.832354,3964.80386,8932.412045,65082.10443,22206.86236,73590.10444,7936.567438,12268.66819,22345.27426,134646.9864,20783.84032,757.8595144,3806.643926,3861.003383,1420.922728,2167.567668,41211.47062,10092.01,877517.49,1110.339915,178465.2821,3907.050194,5165.341844,206398.2624,287002.4718,418364.3263,49533.48061,62614.06949,309152.2756,96171.90518,187915.9617,245408.2706,29282.09352,188273.1367,446232.9987,1194.371327,4578.439134,11255.99364,412615.0105,624770.2569,384344.6981,56747.82999,461692.7493,36575.0347,125748.7024,32652.61498,162958.2348,46570.88696,1698.209128,4060.365978,71166.42336,53316.58029,1215544.941,120032.4557,649652.073,55922.90842,175316.352,82946.10616,336207.7011,316458.9955,109764.3954,467422.237,113240.8862,708690.4822,679060.7564,3440.556487,8292.652674,367956.1849,399240.313,1293676.23,20594.1394,16093.68144,143887.2998,34105.69572,533874.1548,622453.0417,103989.8497,550923.1609,450784.4426,87708.56909,206946.1899,24973.23284,15589.13966,35335.30831,10514.52076,596269.7073,93021.95845,B2,6,2012,Control
X12_8N_N_N_0,5832,7.374443487,502.82639,328,2.645571973,148.05492,513,5.735272367,50.69079636,1031.929491,1574.308258,5728.457772,3032.045414,1047.236646,359605.4397,741197.2489,769584.2408,29521.37311,27402.32085,1247.351494,4545516.794,4373.468572,2253.697615,614210.9674,43509.72348,1855.409628,232517.5297,9627.077651,7795.683474,245539.0273,191972.4392,1321632.881,348811.8864,299840.9011,83768.95838,27359.88436,280790.5358,116305.3233,407961.5276,81089.22911,2004.031411,35984.53145,406970.711,45351.16283,8674.754646,11991.3475,357561.4513,70425.03107,97344.95488,730.6673314,3515.903173,5140.687535,105997.87,12757.94712,226259.8565,1421.290151,28876.89689,1900.080142,3356.608432,7541.176711,69666.04601,21096.81291,68747.21451,6299.689643,12274.72518,23560.22226,139638.6193,19126.41575,746.2688566,4716.646387,3623.252449,1661.566036,1826.134869,39025.37335,9255.596755,876304.9625,1307.175503,181647.0953,3303.914874,5393.556747,215362.9372,292301.758,401377.8312,50580.66658,62185.77419,310613.2317,95134.26677,193948.7453,252123.8884,27025.62517,195510.3233,437083.8102,1391.761348,4643.482027,11273.75597,401904.1208,653664.0763,387739.5967,60137.31182,477071.3444,32842.04138,114698.9206,31214.92711,169161.0705,47803.66475,2317.736068,3923.22707,74704.30128,49734.63739,1219223.077,117710.7088,643491.9264,56166.06249,172831.4368,86868.38773,346006.3157,323788.5871,115386.8929,475615.8049,109809.7241,717242.7735,672027.4766,3484.247721,7758.390942,375185.8059,406247.4499,1306132.773,21465.76898,18976.78249,143482.6643,38544.73532,528596.5296,630410.5104,99786.01193,552731.4037,469183.2976,90189.8538,205137.4013,24571.42383,15566.05158,36419.53735,10284.50523,592944.7833,90302.16157,B1,8,2012,Drought
X13_11N_N_N_0,6947,7.732896522,601.01478,394,3.573274922,182.78954,471,5.538430958,52.46101997,901.2284948,1683.132464,7405.708088,3184.431085,961.6822313,344477.2085,751779.449,800877.1162,34276.5554,29876.99459,2028.160731,4734162.152,5645.627303,1282.569092,635501.4686,37540.60219,2232.675765,233684.8737,10648.66142,8484.203033,262670.0584,188025.7745,1342427.921,347681.9697,300976.5996,84628.14199,24933.85657,276614.8388,117495.6663,408698.8942,79917.6216,2504.118365,37349.9523,444125.3716,43542.72827,7115.128941,14367.74056,361816.8875,68809.22353,105491.0973,811.1617098,5169.992665,4869.402596,114260.9484,15247.11005,239267.3451,1520.397036,30703.82802,2799.130254,2916.386614,12748.87662,69407.59294,27427.48632,71725.89468,8252.588579,14503.76511,27828.5004,163989.1332,18634.82169,2077.95463,3788.779878,3717.998764,2316.623814,1990.323579,43834.41503,9162.855431,901341.9498,979.963508,206350.1846,4552.348018,4834.824389,231597.1884,317787.0914,398603.0698,50649.30387,67761.58899,305388.8288,93641.80867,195693.957,264319.4909,26948.06511,192248.8748,446743.8735,1674.974029,5288.443395,10426.9526,400098.3715,666850.5849,402068.5745,60041.37033,513936.7821,30167.26745,107806.7684,32764.22206,180053.5306,55834.96053,2692.447912,3918.134333,78234.24653,50448.30002,1202738.325,128904.3267,625566.6628,54453.55448,204277.5622,91220.40332,376696.6628,314191.6107,118469.7852,476093.5094,122481.387,731891.2409,760426.2936,4279.655643,8502.430866,422329.5996,431370.6326,1375235.117,21138.09558,18772.79866,132987.7146,35507.43306,539746.5672,702907.1655,99218.88125,599343.1074,506510.2308,94571.21132,225288.9613,23772.97049,16357.51949,37274.98533,10651.52379,601654.2221,94387.35449,B2,11,2013,Drought
X13_13N_N_N_0,6817,7.678600418,592.81309,397,3.138946704,180.44502,559,5.871824641,58.55669841,641.8459635,1761.772592,6753.544443,4041.959519,940.5508265,329901.6913,734054.2283,743873.7757,29682.22042,31655.93057,1713.622003,4404260.763,3678.245603,1647.687345,576581.2183,44811.34014,1613.795489,234018.3352,8567.359576,9334.824075,235052.586,181351.7899,1283213.413,347936.9518,290650.7622,81282.79491,25958.22808,258162.951,110711.2289,414776.7342,69412.73189,2116.514563,33063.73769,412011.1636,47007.70019,7851.781854,13213.76602,318288.7168,69297.46287,97560.05431,800.133623,4362.862737,3570.006291,99933.55968,12089.00704,211814.2007,1361.674862,32114.78905,2455.966865,2842.022166,8438.295831,62675.05821,29248.94804,66886.08997,7033.624096,11396.48069,25673.46133,150927.5762,17215.47655,924.895002,2998.099454,2517.123778,1502.84779,1347.862744,41830.0266,9939.657141,837274.3317,1066.67418,183819.3363,3192.279867,4933.901038,215733.4788,281902.6434,383146.8335,50844.08351,60724.26985,317781.5199,84096.58734,174838.9517,235506.4021,23442.94046,181704.034,455115.4738,1342.420091,3657.291139,12503.54834,403203.5444,633983.739,356008.4732,63532.13376,445778.5385,33068.97336,119567.406,33095.83205,160398.727,53023.125,3159.660194,3325.640655,71122.10646,54806.26249,1279925.84,124761.371,657643.8724,50484.42617,197439,76674.25559,342036.0024,321372.0202,115736.5931,440439.5441,112564.3003,680251.822,664977.7849,3500.431033,7682.431015,382632.1113,392768.6744,1329021.137,20869.14559,15611.99021,136879.0302,32298.4583,555281.5926,641866.897,110934.648,536765.3136,479351.3506,84425.86546,206954.1372,21967.82395,13398.40176,35889.26218,13664.43424,612687.6678,92224.53431,B3,13,2013,Drought
X13_19N_N_N_1,6676,7.515334138,574.51031,430,3.351251833,188.93613,562,5.909655985,52.67834739,751.8067233,1795.628097,7972.331135,3675.883955,934.8408006,333171.8093,736768.4355,742886.8807,28734.74239,30617.10449,1696.245879,4423546.515,3345.428968,1499.853682,591911.5928,43853.69927,1949.193475,242301.3415,9777.901347,8846.612656,235073.1506,181686.4055,1299840.242,341067.0574,292147.8823,82436.00103,28009.95101,265035.8603,117691.5439,424913.1158,69624.79369,2189.075082,30681.35829,426926.7554,44969.20127,7449.587674,11087.43674,333087.3578,69107.04334,99110.6311,913.9852675,4389.133203,3910.60934,100806.32,11774.17524,212282.895,1639.751452,34780.79649,2339.066895,2764.877392,7493.026589,64848.3237,28821.02719,75757.42434,7831.126424,11092.40079,23155.20566,149856.9689,23343.28302,692.6842822,3021.261676,3319.264605,1699.559298,1675.940768,41088.78105,9085.470687,844897.6329,994.4559059,189233.7471,2627.793188,5972.333241,217815.6239,293010.3404,377464.2654,51573.02515,59554.91667,313276.2028,90253.92667,179585.5144,231253.9138,26227.26088,185923.7633,439111.8905,1276.806537,3536.776455,12480.81965,409583.0992,650354.75,352090.3803,62944.09908,452612.2191,35717.75767,117681.9524,32595.71447,170009.1913,52838.483,3224.159456,3973.281475,72791.55299,51139.61461,1218790.198,130010.3558,651020.9244,50068.39562,189283.55,79677.25013,344280.6831,311851.2589,113478.3963,453643.0699,110993.1304,691161.7276,677629.7877,4259.123658,8599.183863,371324.1373,400169.8592,1337307.561,20625.47746,15257.74994,139765.8166,31988.39534,553080.2709,636151.0015,114959.3241,543792.8285,484233.2081,91416.33154,210912.1221,22568.54244,13003.76646,37073.60029,10225.38845,631863.7285,97681.90629,B3,19,2013,Control
X13_23N_N_N_1,7054,7.836543662,590.11314,277,2.835008836,125.45432,447,5.369870245,48.30674424,872.8141458,1564.77896,7709.448144,3298.467194,913.2823681,330046.5476,730852.4818,744407.3088,31707.2901,34001.7972,1945.672442,4383255.967,3617.405976,1463.466707,580876.7988,42464.99793,1901.263782,232694.4032,9066.246944,8900.914174,240962.8089,182268.3811,1279574.926,349119.0796,284398.2368,82449.11691,26406.63945,261847.2125,111257.852,412174.847,71264.21885,2290.633079,28792.67248,417730.8106,44282.6452,8000.087437,13147.79716,320932.5959,69900.32871,90869.43259,952.2153623,4095.244964,3759.919782,102265.4377,9939.275829,214382.093,1386.327672,32932.88918,2087.045721,2699.583204,7525.461413,60542.35964,28620.77721,72779.23838,7717.587701,11116.11752,22909.26273,149882.5226,19238.21727,837.8025227,3381.906869,2918.56941,1475.029102,1475.305487,43964.18529,8533.583287,849145.9387,1070.398064,177484.3739,2837.907317,5657.756499,209224.8289,286274.8538,406886.8257,47729.1056,59444.58753,315196.8443,88698.35809,174649.8517,235488.0434,23300.71931,177010.928,452616.6996,1080.261216,3487.54138,11235.54645,419032.5866,634194.819,348888.6966,61943.58258,446062.0076,34973.4105,117169.2536,32606.95208,164111.2264,50597.51643,3245.571924,5045.552436,73752.32965,53889.61432,1206943.062,125551.7205,644312.7506,52141.86012,192630.6104,81061.47073,335345.4455,305019.9801,113955.8082,439367.8584,113048.5092,678481.1952,666353.1981,3408.508513,8296.638663,373331.5295,384717.9855,1299042.813,20236.85793,14602.85166,138835.798,32781.27072,543764.0607,626668.4297,112938.3771,535127.5611,469054.5785,88880.97188,202119.0821,22337.2655,12640.35976,35065.27968,11714.71559,613449.9062,99591.96855,B4,23,2013,Control
X13_24N_N_N_0,6560,7.515196588,557.22965,420,4.01873005,182.82286,514,5.591955747,57.33913242,672.92462,1761.589118,7163.100655,3199.080015,757.2860527,351708.7865,744949.6491,771243.1256,34586.42916,30266.52587,1301.815502,4754006.925,4195.37248,1203.903208,599567.7159,52605.42547,2192.482217,521911.8484,8046.285326,7957.398205,240155.6931,203588.6428,1342518.504,361009.5913,297656.5454,85045.80626,29887.60758,260918.889,112467.4981,409298.1642,81231.36701,1874.39166,32390.13439,405425.345,42255.06959,8859.414192,12242.67482,354423.3799,65861.31554,99212.32701,842.4963984,4185.855221,3533.264414,98933.89876,11653.29737,223392.9173,1548.116804,29721.46028,2274.924355,1722.734291,7092.492659,63098.74484,21475.54638,82090.15862,6238.506992,12062.65833,24385.80746,141917.3683,18866.08727,561.2041451,3953.314354,2666.480633,2022.286874,1631.085961,40230.13429,9851.131707,896737.7474,1043.034413,186318.0645,2906.072131,3927.871127,208318.0341,290424.3321,424754.7576,47979.2788,62469.82525,310508.2665,88841.19425,185832.029,233170.2611,26939.806,185570.8486,436992.6274,1254.07289,4408.111708,10657.37786,403542.9071,632071.0828,359274.5612,59778.88078,441189.3595,32290.79657,120463.0594,33694.10182,172909.2494,54321.68605,2939.90538,3430.727503,71775.62553,49144.49204,1258023.244,120485.0391,652748.3545,59966.19167,178520.6438,81337.90015,359243.7327,323383.2024,115250.1287,480208.6156,117450.5961,726430.6918,675503.4025,3342.407368,7027.920004,373284.5,400057.8386,1316670.42,19460.33361,14190.26022,136503.3862,33110.70342,521459.1467,657565.21,99962.56057,537421.0349,459613.7534,93731.30345,211294.7032,23952.79073,15044.07911,34407.79545,10435.48625,594348.5438,98315.21351,B4,24,2013,Drought
X13_3N_N_N_1,6892,7.828226984,573.50553,476,4.097010153,195.23168,466,5.33790556,45.85162254,837.3454969,1679.194437,7371.462148,4138.899268,910.8747972,336999.0524,740265.3357,771317.9698,30172.93952,30996.46158,1710.054652,4472231.435,3940.478545,1394.269464,586884.7362,40453.6436,2047.833904,238427.1247,8843.452715,9332.594122,240475.976,183435.8841,1287540.258,350074.4713,296008.4598,84687.03468,27636.04974,280160.0927,118648.8189,423652.1863,69248.42049,2297.841634,32647.99307,422574.7372,44375.66299,8278.817734,11918.74403,331400.5137,67464.73747,101206.6281,762.6109229,4659.741035,4188.669295,100272.8186,11554.9071,214191.1427,1520.433481,35095.92243,2144.473431,2867.638113,8260.679466,61615.5704,28634.5315,70962.13271,8496.862782,10831.65214,24842.48902,151650.2758,18198.73054,990.0397656,3224.551894,3789.467115,1554.714967,1433.68246,43301.24667,8938.830361,854857.3303,1163.463508,186624.3632,3855.473202,5420.768555,219453.1898,295503.4352,377978.6677,53881.55883,61221.81807,318373.2733,89596.99034,179920.963,243848.9813,26525.48384,191470.7797,454302.8572,1302.863675,4388.210036,13021.77028,419326.702,642735.049,364735.1413,63040.34694,458350.4045,34864.72179,117415.2191,33895.53739,166759.0199,52050.49795,3041.822154,3899.845407,77591.42355,54396.84856,1208289.479,129811.7315,647682.665,51626.87855,191022.8511,81329.27998,345985.234,318335.0679,114072.2819,456967.0819,116261.3536,693338.2669,674112.0828,3570.736618,8702.871891,369624.5721,394714.7099,1344409.497,20891.43068,18024.53414,141036.7487,35353.23697,541337.6824,636722.2305,110386.7539,544540.2941,480059.0004,92362.08013,214944.6691,21331.36872,14436.62877,32502.32864,11621.44567,613230.866,93503.68523,B1,3,2013,Control
X13_6N_N_N_1,5500,7.024785566,498.36581,410,4.259099806,172.56983,471,5.59072838,45.21675192,882.8621845,2035.794377,6415.367335,3648.058069,1239.425888,340524.5063,736234.5952,744675.1899,30351.11954,32390.40509,1877.59347,4437025.03,3857.796463,1505.197841,603764.6388,46806.70291,2074.380407,245568.164,9558.614281,8736.443352,236589.1682,194285.2865,1314071.088,351163.661,301558.2053,78700.98514,27204.74306,282686.2131,117320.9868,416372.2738,75380.89872,2058.20463,28997.1834,424340.0702,44975.62856,8968.541347,11489.20128,323554.7665,69656.37131,98595.6816,846.4038154,5302.519952,3587.333946,102632.7636,10970.27458,218370.3629,2646.605013,35797.18498,2118.142084,2921.521895,8030.381321,58896.75443,28738.68482,76919.15102,6989.169784,11141.28632,21801.7207,152869.9627,17925.77016,0,2344.371574,2220.490642,1851.606626,1833.976319,38824.98819,10133.65466,831830.5638,593.1215881,181444.4874,3882.367312,5915.029532,211889.7433,281707.0948,392942.1327,49724.49525,62455.29166,326211.5543,88522.35455,173697.6361,232739.1885,25546.19656,180338.7976,454082.3716,913.3633606,4870.623935,13186.9548,425781.3193,644885.9457,342210.2424,63443.8912,450869.6769,35284.05669,118907.8724,30269.77918,159361.34,48212.8354,2593.784773,4918.537649,74919.36237,54419.26517,1227378.597,131793.7349,676363.153,52040.80694,196156.1695,80914.04111,349045.1687,307538.7541,115517.8269,445791.5764,118013.1519,693048.1466,663106.3785,2926.485188,6226.564191,371005.5729,395401.8686,1328040.589,19915.11108,16403.25619,144963.1983,33605.67838,543841.8694,621913.4328,112225.9661,560392.9234,473165.2953,95019.89733,209474.0309,22973.8638,12772.01767,33390.39329,11173.35875,627605.5898,97182.17774,B2,6,2013,Control
X13_8N_N_N_0,6127,7.274800303,552.85883,405,3.280223463,184.17464,530,5.804158042,58.09001198,738.3027328,1665.243264,6494.523239,3092.386774,781.4130971,351349.1024,737872.4792,783819.7012,30499.44593,32074.50276,1334.372167,4481111.359,4647.037211,1772.322397,607318.9848,56722.67127,1994.012807,240057.845,8067.150648,7941.552855,235233.5355,199538.877,1341186.617,350876.5942,305874.3887,90365.15286,28749.75807,271318.373,115287.506,420079.4222,81406.48257,1925.290013,35549.0554,413862.7411,43910.33617,8774.051468,12267.87054,345878.3442,69376.91006,102430.8754,817.6342638,4391.697887,3886.483922,98633.32961,10698.82788,217474.9266,1388.278406,33163.85306,2300.316315,2356.104919,7109.322842,68815.52075,23574.88066,84631.03497,6591.25867,11008.56839,23492.48145,144300.056,22727.67833,636.2167795,3576.058485,3225.116825,1897.139335,1589.497446,39383.32955,11396.59647,872379.3825,835.0633497,185240.5546,3613.765989,4290.684883,215556.101,287887.1366,408377.7262,48851.82347,58078.55182,319065.5809,90698.25709,180337.1136,233692.1743,24394.60579,187071.6704,447753.3941,1788.37895,4253.988348,11980.68734,409353.5851,643903.5732,369438.2295,68249.88228,464988.9443,37249.41138,127389.6366,32693.66031,164541.0119,53226.86797,3453.081556,3575.488518,73443.91891,53496.61841,1255622.763,118782.8516,655188.8892,54798.33997,188134.623,81881.94107,354682.426,331475.4487,113275.3278,478109.8429,114372.2173,723438.4994,663352.6823,3096.766398,6924.417378,376453.8598,399016.5128,1334006.354,18508.73922,16575.18657,142809.636,35683.00568,541432.5017,665882.5192,105120.8887,552543.9042,476078.8336,91679.28011,209705.2182,22080.35343,14950.53096,31504.87977,9933.345949,613858.8677,97853.41524,B1,8,2013,Drought
X14_11N_N_N_0,5262,7.268644488,505.7094,373,3.60214683,179.61727,394,5.217332681,43.59171483,815.9950482,1978.579626,7091.505256,2836.000723,1392.691147,359243.261,746649.1811,770226.0005,31324.25782,33107.83953,1742.086149,4485251.507,3730.589849,1492.297946,607212.2891,50000.34061,1968.363194,239514.8418,10002.0341,7486.763153,241017.6898,198919.1642,1354596.941,367213.2185,301836.711,87559.47107,29587.57234,273095.6517,123274.9021,424480.6577,80606.76022,2547.547693,34323.80187,405285.2461,42681.22049,7738.403396,11797.7976,342583.3462,69776.10314,104252.1244,881.912723,4606.420369,3178.716963,106592.052,10832.19079,222881.4902,1482.136494,33387.54421,2702.416698,2369.685586,7555.621148,68624.82227,21421.70977,84558.30926,6455.023171,12040.51918,24144.74988,135018.7338,20809.90839,520.2058119,3658.282149,2135.91693,1540.01465,2066.661565,39566.90259,9377.374643,862049.4509,1173.57412,189794.9489,3285.166394,5060.838765,219799.742,281323.5092,424827.8573,49501.54557,58898.65809,311870.7893,91461.19523,194974.6538,236511.7145,25519.09632,189270.2197,440585.6853,1296.721558,5725.695059,12859.72398,411244.1432,662424.2921,369484.3519,68706.59483,467227.3259,38645.25219,126865.5789,31963.47824,171893.6772,52160.7763,4228.199098,3512.705119,66802.42316,50281.69647,1270051.485,122829.6594,683508.9462,56950.8018,174374.267,81749.88267,352030.3503,310771.5042,110030.4906,471906.9666,110268.6143,728968.7809,667962.3269,3865.33515,6085.554171,351559.4406,407431.8897,1315669.797,20460.84403,18298.67595,145058.5033,34206.49164,537996.4156,648176.4019,113472.8462,567281.421,472277.1403,92975.23575,211359.851,25464.53879,15621.42905,35058.00975,9512.591635,627029.6496,98882.63472,B2,11,2014,Drought
X14_13N_N_N_0,6033,7.392264832,535.34781,289,3.072393661,135.48075,415,5.153916907,48.17696976,775.6807902,1740.120253,6770.618929,3189.121768,1418.016866,350066.7592,736351.5013,771042.4164,32287.31832,32425.6672,1273.419744,4446962.287,3957.845235,1862.381038,607790.2154,52511.70625,2690.332323,234347.9662,10146.76765,8521.578962,243572.1312,190092.2125,1322203.496,359768.8659,295818.6559,78994.33173,29038.48188,275986.8026,111674.6302,406225.5801,82677.7623,2187.906609,34589.81913,408484.7881,43249.86497,8154.147905,12689.01992,342646.3523,69052.43763,100109.092,1009.112792,3951.832949,5113.50485,101321.4572,11706.44254,219765.6483,1595.938538,30840.27809,2367.423846,2727.647726,7095.542031,66663.16739,22426.42405,76007.56019,7626.129501,13210.6868,23021.93822,132770.6649,21262.15615,719.6986086,3152.933311,3451.729257,1369.643638,1634.127996,37870.33167,10278.45941,900805.8194,1088.79294,181805.1446,3860.998929,5478.494727,209721.8663,291307.6182,427071.9313,49705.10174,61932.66027,303200.2232,92614.58531,191341.064,249048.6505,26027.75058,190553.2824,449826.9891,1415.359564,5213.892692,11829.18331,413923.1721,643894.2167,359040.2896,64506.18458,468640.4309,36127.20357,125315.8026,31807.5873,168871.5669,50737.32599,3199.783355,4246.403367,76966.51203,50397.52503,1252656.164,121308.2994,643488.1862,56453.06372,177756.8641,82468.05335,342685.1031,332442.8409,114080.5848,467629.4206,111884.4623,716024.8136,685293.3116,4082.869112,7384.694838,369375.6126,408827.5747,1305521.71,26741.95176,18624.77017,146883.21,37327.96463,525053.6618,645853.1958,106765.3811,549761.2487,460819.5587,94263.47189,201640.5784,25018.47869,17697.00116,36330.31574,11495.10296,593836.2959,98947.31192,B3,13,2014,Drought
X14_19N_N_N_1,5628,7.456597771,508.64784,399,3.888427656,167.96555,517,5.765446643,51.53291733,889.0130123,1641.22494,5627.602168,2552.437988,829.9863755,364420.0046,736465.4663,763054.1656,31525.87391,28221.96658,1068.647635,4528688.214,4114.869223,1995.673983,612905.3984,50767.74265,2193.548979,553435.2099,10457.62026,7907.786394,242792.9543,209098.0944,1666963.484,351646.7233,297585.1594,77654.68717,27918.50746,266912.1089,111497.6882,408710.2977,86794.12627,2054.021168,33662.02802,383752.5101,42885.93628,10072.30508,11750.46125,359449.7694,66726.66996,96504.63709,860.1655838,4229.189046,3970.133844,108075.561,12389.16145,225886.5854,1461.577703,30750.09865,1673.180013,2675.927736,7070.222854,68284.31589,20433.45642,76581.93829,6567.532223,14206.77307,23311.13986,141537.3965,23161.11422,0,3809.108024,2511.629075,1929.871148,1930.548897,38310.43349,8791.164868,885319.9569,878.3633951,185420.3449,4066.488184,4493.086402,213345.9071,291108.5378,402278.0352,46155.16625,64917.39167,303614.42,95824.7376,194886.1307,248891.536,25545.19212,187611.2427,419662.7255,1299.229716,3424.355211,11243.13763,401475.7136,644103.9208,386066.3374,58267.26892,470420.5137,32395.08572,112879.3016,30146.7835,159692.0212,48999.46136,1559.113481,4580.256063,68061.89367,48069.71881,1239896.207,118243.8629,637345.926,57390.51072,176516.1128,85898.62286,351226.6869,315759.3283,105491.0313,475619.9613,112651.7185,834498.3581,663325.8958,3153.837621,6794.842104,370655.2654,400854.98,1271037.363,18921.99593,15926.06777,138257.6383,34365.1333,525804.8303,656787.5697,103040.9248,545729.3808,451276.6592,86313.07634,203235.9703,25400.73212,14857.55058,34396.68901,9724.55524,595094.4592,93051.91419,B3,19,2014,Control
X14_23N_N_N_1,6263,7.56323859,539.13702,395,3.544859827,186.76352,503,5.584517271,49.97866659,1111.353863,1868.15899,4715.762625,2729.245895,1267.248632,352573.3863,709816.8645,757806.9554,29306.42012,27638.38246,1446.200543,4355512.469,3959.872333,1396.955217,579362.8603,50302.30621,2234.234483,228365.9712,8850.971377,7473.301692,232749.708,196181.758,1296335.617,348557.648,292753.8144,86377.71121,27016.30387,257930.3761,107677.0166,398980.1955,81569.15873,1209.383246,34825.90519,375208.1644,45353.84375,8628.601341,12104.19846,339908.4825,62666.91703,98380.8202,848.2756671,4178.681813,3917.767358,99223.64692,13057.47329,211380.9036,1395.462446,31376.61879,2307.771657,2951.044537,7395.048287,66460.4362,22756.26391,79629.14985,7096.172143,9699.328576,23707.0835,144241.3359,18551.84198,0,3054.931465,2073.281455,1502.61096,1705.542989,35485.53362,9355.057283,854294.1215,1218.223375,185381.8979,2838.765831,3868.122468,208524.3927,264234.5839,406231.8019,47716.0855,58713.56416,297733.1583,87748.7023,175676.8232,232749.7403,24677.31643,182509.1042,404560.9554,1660.866969,5296.790166,11474.00001,394858.1905,628688.7416,372442.181,59490.55627,455462.9488,33984.51664,114977.134,30067.09206,161801.4989,48599.01509,2447.180607,3563.176621,63560.39364,51166.70153,1215527.113,114491.8176,621138.0541,49989.49258,167274.9477,80949.65659,344101.3288,307334.8993,111169.2379,462119.9413,107250.9427,705453.4726,626145.2718,4711.913678,6465.599684,353541.0404,381281.7033,1250774.826,16495.63549,15767.00082,141228.0153,31909.39829,526367.0398,635529.5589,101045.1256,528003.1785,437305.3444,85305.7407,205894.3071,23711.27905,12895.81862,29024.20243,10465.42934,604109.5771,86970.78259,B4,23,2014,Control
X14_24N_N_N_0,4652,7.041763273,450.50759,252,2.064759322,134.76886,266,3.892429639,42.7318363,883.6147665,2020.621935,4213.711885,2700.1917,2161.192993,325797.5568,709777.0018,734428.8586,28248.73605,27904.01994,1289.869312,4286686.418,4823.246277,1247.28833,577056.8423,50165.15886,2099.059865,221448.8388,9861.3317,8175.227016,226050.5835,193849.0625,1263177.434,341018.1157,277476.1307,80591.35717,27928.09011,252768.5733,99587.78796,386192.8468,86596.31465,1454.822594,33175.84557,356954.9825,41896.08882,9420.046624,14195.42541,334989.2008,60514.78013,102842.1409,0,4760.772786,3259.699221,102640.6815,11659.95811,215168.1309,1501.667122,32157.25715,2120.344654,2051.880081,8453.100896,60132.86969,23317.50936,78630.76261,6778.568299,11241.63473,21370.6693,149284.3396,16548.76799,0,4471.656282,911.5094154,4627.899908,2668.974632,31777.9082,8639.211389,858495.7893,975.3564404,186265.2802,3220.968979,3442.483682,206158.7094,251697.8671,410143.9317,44378.15431,62309.86887,291549.314,86614.62475,177645.5933,232251.5105,24266.25127,174720.9084,413335.5974,1011.719751,4093.573812,9998.226634,380567.5812,635191.0501,372446.8289,53858.55514,446354.543,29813.98933,101885.9765,28993.92805,162763.791,52170.11017,1518.859513,2983.541032,54637.91158,44050.05425,1206256.833,113998.8338,609687.9682,49448.6512,186858.2434,79375.53639,336431.0669,288955.4492,103835.5186,433989.3825,101636.5247,706897.9547,637157.3366,2354.261823,6388.79134,387365.568,389613.637,1251165.378,19429.53008,13705.61122,125840.8996,33042.70921,524055.6169,666717.9931,91127.11364,527038.9151,438733.1571,80153.09061,203005.4093,25183.64454,12346.27317,30355.13256,9871.179867,593500.1972,86127.96898,B4,24,2014,Drought
X14_3N_N_N_1,6111,7.557143024,542.81303,407,3.936725227,171.78223,440,5.240647484,53.61823996,1007.142274,1843.04885,6614.450749,2942.955228,1164.05652,355105.5195,755129.057,1123000.145,30768.59802,32505.85199,1375.371288,4522218.122,4276.456752,1417.643334,616712.7157,46278.18564,2149.135151,235922.9119,9426.104654,8441.433419,241588.9854,199383.5252,1340258.135,360072.6284,309808.6778,84867.52984,29295.65721,267088.4197,112859.9138,407115.3218,72298.72583,2063.560754,36859.45901,421292.9404,44928.03132,7052.138435,12488.55804,361288.8581,66706.42177,103974.8697,916.4906313,3562.800005,5121.231875,103316.6158,12454.54117,216739.7803,1511.529174,33010.80231,2365.991033,2885.796936,6987.038658,70938.5302,24561.58094,71147.94508,8551.148019,11846.98214,24956.95154,138753.8171,10791.92955,745.8559866,3315.17635,2955.09626,1529.16714,1743.641141,42628.50196,9789.056135,866654.7511,1081.768007,187964.1763,4079.812244,5987.808738,221357.7082,291299.9019,403551.4012,49827.29972,63688.20384,308222.4717,93072.58602,190539.3489,256976.7769,27105.05485,193948.1648,443506.6806,2024.471174,4353.49692,11325.93555,399507.1264,665301.2086,374589.35,67687.94187,489694.684,33049.57313,117117.5354,31879.21127,172204.7978,50783.9765,2221.664449,3557.745225,69816.41616,50552.48786,1228517.65,123539.9181,659360.8329,53874.75991,186054.1849,88871.10145,348713.9638,325678.3383,119897.2405,479072.3455,115757.3807,715673.3712,705100.4547,3813.5128,8037.225702,373983.0548,412756.5477,1343605.546,20139.01868,19289.63051,142939.4466,36237.03035,528466.4036,626929.8026,105207.2907,571339.3272,483073.4642,90419.36178,212162.2437,23292.15127,17922.22217,37948.30041,10935.59064,605982.54,84771.28657,B1,3,2014,Control
X14_6N_N_N_1,6081,7.450191044,542.28693,294,2.827836107,170.21362,430,5.427653079,47.5900947,803.5085504,1587.591788,6070.750264,2890.839911,1328.492426,342815.9181,737574.1372,737590.192,30564.85096,28639.64065,1417.623765,4376956.479,3458.698814,1200.498078,596206.4077,49382.36181,2854.990904,228550.2014,9307.225206,8251.442681,233997.1431,192363.6656,1290580.307,356524.6481,295451.3033,82671.99928,27457.09554,269638.1345,113309.6373,391885.0172,77578.5309,2153.379066,33294.15158,410288.6506,41028.68907,6868.723929,11554.06398,335005.0048,69481.14749,100834.2346,1170.349952,4191.000788,3975.624281,103066.9186,12665.93314,218776.5791,1468.902973,30317.32993,2206.710916,2347.395686,6753.624797,70344.93884,21770.1489,68856.41876,8286.409673,11591.81841,24139.58129,140347.5166,20440.81069,682.7864007,3151.207953,2456.824517,1333.65514,1989.390849,41311.26703,9195.714991,842855.5407,1089.393838,183219.7385,3828.322927,3460.983291,207906.0624,285674.1101,408422.5627,45291.00514,59800.66117,302742.6687,90814.05166,189935.5275,250868.2084,27743.98788,184443.3039,424273.559,1324.981959,4489.639305,10718.30081,391938.0903,650340.2678,356402.1694,64197.64861,456282.3879,35212.43871,116699.413,30860.26113,167948.442,46899.78765,2849.304945,4096.146351,73718.15334,50247.84454,1207312.62,121371.4342,642149.0336,53762.65729,171191.9194,85130.24235,327004.8998,304603.0618,115960.702,478714.5718,116534.3746,707992.1588,666248.6603,3614.708956,6861.485559,360485.7345,393448.7251,1287192.751,19894.49497,19286.21032,136879.4213,36041.9117,532785.8385,614271.0241,102732.9069,551218.2962,451128.7312,91664.06588,203623.5128,23311.49515,15211.18909,35149.93202,9708.876328,603806.7105,91278.70781,B2,6,2014,Control
X14_8N_N_N_0,5910,7.548163186,545.85206,211,2.195544344,105.74966,458,5.530707047,51.46814725,842.6483403,1732.811351,6650.255146,2979.973921,915.7860764,350920.9767,744407.6417,767515.1005,28606.52915,30399.98449,1178.399886,4825106.485,4360.848225,1613.641647,602788.455,47240.885,2046.086525,225520.2139,9912.274611,8064.28034,240444.5463,200382.8902,1319055.152,353243.8842,302752.033,82512.20295,27787.09373,272012.3483,113505.0861,399308.1439,76068.10979,1424.492754,34941.43792,399240.9542,40852.03206,7490.643474,12469.84919,355368.4625,67659.58503,99174.29967,809.9069765,3927.616584,4350.249257,104742.056,13074.03867,221012.2545,1381.164476,29562.62247,2074.142931,2552.490909,6286.737844,73501.36546,20694.12589,71113.54731,7123.098355,11976.35742,20271.21794,135967.2425,19383.52792,643.3937392,3661.607373,3583.461841,2453.818276,1732.216871,39418.80053,9997.431614,853662.3591,939.8583293,184565.5024,4022.112446,4549.391192,212739.7501,284780.35,395764.4899,46532.62405,61706.44074,302396.2304,97722.99249,192010.4958,243289.9305,26985.0656,194945.3831,421412.0849,2086.688944,5078.656837,11856.03333,396137.911,650348.3453,379540.9311,59669.80515,458275.1338,33021.60562,112775.1468,33171.20161,163144.0101,49485.76414,2180.630601,3349.894358,71809.66852,53250.56447,1213898.514,118066.856,631549.9952,56732.36702,170883.3252,83469.08607,332241.1662,322680.6826,107907.5585,474713.4838,106172.0547,717933.5805,669175.1479,3276.133997,9288.191143,367518.428,406391.9622,1291591.287,20886.37637,17527.25495,138517.3906,35094.73524,523649.5722,613902.6851,100053.8757,544936.1464,462684.5372,91491.18635,206313.3243,24895.58308,14747.29436,33970.87503,9578.392011,594585.4994,87947.87649,B1,8,2014,Drought
